"Title	Link	Lab Date	Content",,,,,,,,,,,,,,,
"Polisi Belum Periksa NS Anggota Inti Saracen soal Uang Asma Dewi	https://news.detik.com/berita/d-3640251/polisi-belum-periksa-ns-anggota-inti-saracen-soal-uang-asma-dewi	""DETIKNEWS | Selasa 12 September 2017"," 23:50 WIB""	""Jakarta - Kabag Penerangan Umum Divisi Humas Polri Kombes Martinus Sitompul mengatakan seseorang berinisial NS", yang disebut-sebut sebagai anggota inti Saracen, belum diperiksa penyidik. NS disebut mengetahui dana dari Asma Dewi ke Saracen sebesar Rp 75 juta. ,,,,,,,,,,,,
NS belum diperiksa sampai saat ini, kata Martinus di gedung Divisi Humas, Mabes Polri, Jalan Trunojoyo, Jakarta Selatan, Selasa (12/9/2017).,,,,,,,,,,
Hal tersebut menjadi alasan para juru bicara Polri tidak dapat gamblang menyampaikan apa saja temuan penyidik kepada masyarakat. Martinus mengatakan ada kekhawatiran NS kabur jika mengantongi apa saja hasil penyelidikan polisi terhadap perannya di kelompok pengujar kebencian itu.,,,,,,,,,,,,,,,
Tidak semua bisa kami publikasikan. Nanti NS kabur. Ini kan hal-hal yang perlu kita batasi, ujar Martinus.,,,,,,,,,,,,,,
Ditanyai apakah penyidik sudah melakukan konfirmasi kepada bos Saracen, Jasriadi, soal adanya aliran dana itu, Martinus menerangkan kepolisian menyimpan dulu pengakuan Jasriadi.,,,,,,,,,,,,
Kita simpan dulu itu. Informasi itu kami keep. Kalau nanti saya sampaikan, saya bilang itu kenal atau tidak, nanti jadi bahan mereka (untuk berkilah), jelas Martinus.,,,,,,,,,,,,
Polisi sebelumnya mengungkapkan telah mengantongi informasi adanya aliran dana dari tersangka ujaran kebencian, SARA, dan penghinaan, Asma Dewi, kepada grup Saracen. Uang tersebut dikirim Asma Dewi ke rekening NS, kemudian diteruskan ke seseorang berinisial D, dan terakhir ke R," yang merupakan bendahara grup produsen ujaran kebencian dan SARA serta konten hoax tersebut.""",,,,,,,,
"Polisi Tunggu Laporan PPATK soal Rekening Asma Dewi dan Saracen	https://news.detik.com/berita/d-3640249/polisi-tunggu-laporan-ppatk-soal-rekening-asma-dewi-dan-saracen	""DETIKNEWS | Selasa 12 September 2017"," 23:35 WIB""	""Jakarta - Polisi menunggu hasil pemeriksaan Pusat Pelaporan dan Analisis Transaksi Keuangan (PPATK) terkait 14 rekening milik kelompok Saracen dan satu rekening milik Asma Dewi. Laporan PPATK diharapkan dapat memperkuat informasi yang diterima Polri soal adanya aliran dana Rp 75 juta dari Asma Dewi ke Saracen.",,,,,,,,,,,,,,
,,,,,,,,,,,,,,,
Polri punya info, akan didukung laporan hasil keuangan (LHK) PPATK. Polri miliki bukti ada transaksi. Oleh sebab itu, ditunggu pembuktian ini kalau sudah dapat LHK PPATK, jelas Kadiv Humas Polri Irjen Setyo Wasisto di gedung Divisi Humas, Mabes Polri, Jalan Trunojoyo, Kebayoran Baru, Jakarta Selatan, Selasa (12/9/2017).,,,,,,,
,,,,,,,,,,,,,,,
Ada 15 rekening yang dimintakan, sambung dia.,,,,,,,,,,,,,,
,,,,,,,,,,,,,,,
Setyo menjelaskan penyidik dapat lebih mudah mengusut kasus ini jika sudah mengetahui aliran dana terkait Saracen dan Asma Dewi dari mana dan ke mana saja.,,,,,,,,,,,,,,,
,,,,,,,,,,,,,,,
Jika kita tahu aliran dananya ke mana semua, itu bisa lebih kita jangkau siapa tersangka dan siapa saja saksinya, ujar Setyo.,,,,,,,,,,,,,
,,,,,,,,,,,,,,,
Sementara itu, Kabag Penerangan Umum Divisi Humas Polri Kombes Martinus Sitompul menjelaskan secara teknis satu per satu fakta hukum harus diungkap dalam menyelidiki keterlibatan Asma Dewi dengan Saracen.,,,,,,,,,,,,,,
,,,,,,,,,,,,,,,
Soal Rp 75 juta yang dijelaskan kemarin, kita lihat ada fakta yang kita temukan, adanya proposal (Saracen). Ada aliran dana. Ada satu-satu (bukti) yang harus ditemukan, apakah itu peristiwa pemesanan, apakah ada percakapan, komunikasi, aliran dana, atau pertemuan. Harus satu-satu digali, terang Martinus.,,,,,,,
,,,,,,,,,,,,,,,
Seorang berkata A, kita nggak langsung percaya yang dikatakan A. Kita gali lagi informasi dari lainnya, kita sandingkan apakah benar," imbuh Martinus. """,,,,,,,,,,,,
"Kebakaran Lahap Pertokoan di Garut, 3 Unit Damkar Diturunkan	https://news.detik.com/berita/d-3640246/kebakaran-lahap-pertokoan-di-garut-3-unit-damkar-diturunkan	""DETIKNEWS | Selasa 12 September 2017"," 23:32 WIB""	""Garut - Kebakaran terjadi di kawasan pertokoan di Jalan Papandayan", Garut Kota, Garut, Jawa Barat. Tiga unit mobil pemadam kebakaran dikerahkan.,,,,,,,,,,,
,,,,,,,,,,,,,,,
Ya, ada kebakaran, mulainya tadi sekitar jam 9 (malam), ungkap Sekretaris Dinas Pemadam Kebakaran Garut Satria Budi di lokasi kejadian, Selasa (12/9) malam.,,,,,,,,,,,
,,,,,,,,,,,,,,,
Belum diketahui penyebab pasti kebakaran. Hingga saat ini, petugas masih berusaha memadamkan api.,,,,,,,,,,,,,,
,,,,,,,,,,,,,,,
Ada tiga toko, gudang ban, dan satu rumah warga yang terbakar, katanya.,,,,,,,,,,,,
,,,,,,,,,,,,,,,
Berdasarkan pantauan detikcom di lokasi kebakaran, Selasa (12/9/2017) sekitar pukul 22.20 WIB, petugas Disdamkar, TNI, dan polisi setempat masih berupaya memadamkan api.,,,,,,,,,,,
,,,,,,,,,,,,,,,
Ada kesulitan dalam proses pemadaman api karena angin bertiup kencang di sekitar lokasi kebakaran. Banyaknya warga yang berada di sekitar lokasi juga membuat laju armada damkar terhambat.,,,,,,,,,,,,,,,
,,,,,,,,,,,,,,,
"Arus lalu lintas dari arah perempatan Maktal menuju Jalan Papandayan dan dari Jalan Cikuray menuju Jalan Papandayan mengalami kemacetan. """,,,,,,,,,,,,,,,
"Polri Duga Penyerangan 2 Polisi di Bima Ulah Teroris
 DETIKNEWS | Selasa 12 September 2017, 23:19 WIB Kadiv Humas Polri Irjen Setyo Wasisto mengatakan ada dugaan penyerangan dua polisi di Kota Bima, NTB, adalah ulah teroris.; Polri Duga Penyerangan 2 Polisi di Bima Ulah Teroris	https://news.detik.com/berita/d-3640245/polri-duga-penyerangan-2-polisi-di-bima-ulah-teroris	""DETIKNEWS | Selasa 12 September 2017"," 23:19 WIB""	""Jakarta - Kadiv Humas Polri Irjen Setyo Wasisto mengatakan ada dugaan penyerangan dua polisi di Kota Bima", Nusa Tenggara Barat, adalah ulah teroris. Namun polisi belum dapat memastikan apakah penyerang bagian dari teroris lonewolf atau leaderless jihad.,,,,,,,,,,,,
,,,,,,,,,,,,,,,
Kalau belajar dari pengalaman, kalau kita ingat tahun 2013, di mana polisi banyak diserang di Jakarta, Tangerang, Ciputat, modusnya sama. Tapi kita belum nyatakan pelaku dari kelompok mana. Mereka lonewolf atau leaderless terrorist, belum menyatakan itu, jelas Setyo di gedung Divisi Humas, Mabes Polri, Jalan Trunojoyo, Jakarta Selatan, Selasa (12/9/2017). Dugaan tersebut tidak ditujukan pada empat orang yang sebelumnya dicurigai sebagai pelaku, yakni IF (31), LS (34), IM (21), dan WD (27). Setyo mengatakan keempat pria yang sebelumnya ditangkap karena diduga pelaku kini dibebaskan karena polisi kekurangan bukti untuk melanjutkan proses hukum.
,,,,,,,,,,,,,,,
Ini dapat informasi bahwa empat orang sudah dikembalikan ke keluarga karena kurang bukti. Kita belum bisa memastikan siapa pelakunya, ujar Setyo.,,,,,,,,,,,,,,
,,,,,,,,,,,,,,,
Setyo menerangkan saat ini Densus 88 Antiteror turut serta bersama Polres Bima Kota menyelidiki identitas pelaku penyerangan.,,,,,,,,,,,,,,,
,,,,,,,,,,,,,,,
Kami dalami, Densus 88 turun untuk dalami penembakan ini, tutur dia.,,,,,,,,,,,,,
Sebelumnya diberitakan, dua polisi, yakni Bripka Jainal dan Bripka Gofur, menjadi korban penyerangan orang tak dikenal pada Senin (11/9) pagi, setelah mengantar anak mereka masing-masing ke sekolah. Lokasi penembakan dekat SDN 10 Kota Bima dan SMPN 8 Kota Bima, NTB.,,,,,,,,,,
,,,,,,,,,,,,,,,
Tidak ada korban jiwa dalam peristiwa ini. Namun Bripka Jainal menderita luka tembak di bahu kanan belakang," sementara Bripka Gofur di pinggang bagian kanan. Keduanya langsung dievakuasi ke RSU Kota Bima dan menjalani operasi guna mengeluarkan proyektil yang bersarang di tubuh mereka. """,,,,,,,,,,,,,,
"KPK: Mata Kanan Novel Sudah Membaik, Fokus Pengobatan Mata Kiri	https://news.detik.com/berita/d-3640233/kpk-mata-kanan-novel-sudah-membaik-fokus-pengobatan-mata-kiri	""DETIKNEWS | Selasa 12 September 2017"," 22:59 WIB""	""Jakarta - Kondisi mata kanan penyidik KPK Novel Baswedan saat ini berangsur membaik. Novel kini berfokus untuk menyembuhkan mata sebelah kiri pasca-serangan penyiraman air keras. ",,,,,,,,,,,,,,
,,,,,,,,,,,,,,,
Mata kanan ada kabar baik pertumbuhan lapisan luar sudah seluruh terjadi, sehingga treatment yang dilakukan relatif fokus pengobatan mata kiri, ujar Kabiro Humas KPK Febri Diansyah di gedung KPK, Jalan Kuningan Persada, Jakarta, Selasa (12/9/2017).,,,,,,,,,,
,,,,,,,,,,,,,,,
Menurut Febri, mata kiri Novel harus diperiksa untuk memperbaiki bagian fungsi mata. Saat ini mata kiri Novel masih dalam tahap penyembuhan. ,,,,,,,,,,,,,,
,,,,,,,,,,,,,,,
Mata kiri memang yang paling riskan dan dokter harus terus memastikan melakukan pengecekan apakah jaringan yang ditempel pada mata kiri kemudian sudah sesuai dan tumbuh menggantikan fungsi organ atau bagian yang ada di mata, kata Febri. ,,,,,,,,,,,,,,
,,,,,,,,,,,,,,,
Sebab itu, Febri berharap Novel bisa pulih dari sakit matanya akibat penyiraman air keras oleh orang tak dikenal. Kemudian, kata dia, Novel akan menjalani operasi untuk mata kirinya agar pertumbuhan jaringan bisa kembali normal. Saat ini Novel sedang menjalani perawatan di rumah sakit di Singapura.,,,,,,,,,,,,
,,,,,,,,,,,,,,,
Kemudian akan dilakukan sekitar dua bulan lagi, setelah tahap kedua perkembangan akan dilakukan (operasi). Kita berharap operasi tahap kedua berhasil sehingga organ mata Novel bisa semakin pulih hari per hari, ujar Febri. ,,,,,,,,,,,,,
,,,,,,,,,,,,,,,
Namun, terkait pelaku, lanjut Febri, pihak KPK belum mendapatkan informasi dari kepolisian. Namun saat ini polisi masih terus memburu pelaku karena Kapolri Jenderal Tito Karnavian sudah membentuk tim. ,,,,,,,,,,,,
,,,,,,,,,,,,,,,
Kami berharap Polri kemudian menemukan pelaku penyerangan itu. Saya yakin Polri serius karena ini perintah Presiden langsung. Kapolri punya concern membentuk tim untuk mengusut pelaku penyerangan tersebut. Itu yang ditunggu publik. Pihak keluarga juga menunggu," jelas Febri. """,,,,,,,,,,,,,,
"Kebakaran Rumah di Kelapa Gading Jakut, 11 Unit Damkar Dikerahkan	https://news.detik.com/berita/d-3640232/kebakaran-rumah-di-kelapa-gading-jakut-11-unit-damkar-dikerahkan	""DETIKNEWS | Selasa 12 September 2017"," 22:51 WIB""	""Jakarta - Sebuah rumah tinggal terbakar di Kelapa Gading", Jakarta Utara. Dalam peristiwa ini, 11 mobil pemadam kebakaran dikerahkan untuk memadamkan api.,,,,,,,,,,,,
,,,,,,,,,,,,,,,
Ada 11 unit mobil damkar yang dikerahkan, kata Kasudin Damkar Jakarta Utara, Satriadi Gunawan, Selasa (12/9/2017).,,,,,,,,,,,,
,,,,,,,,,,,,,,,
Kebakaran terjadi di rumah yang berada di Jalan Pelapah Asri I, Nomor 15 RT 12 RW 12, Kelapa Gading, Jakarta Utara, Selasa (12/9/2017), pada pukul 22.11 WIB. Dikhawatirkan api merambat ke lokasi sekitarnya.,,,,,,,,,,
,,,,,,,,,,,,,,,
Dikhawatirkan merambat, kebakaran hingga kini masih menyala, jelasnya.,,,,,,,,,,,,,
,,,,,,,,,,,,,,,
Sementara itu," belum diketahui apakah ada korban dalam peristiwa tersebut. """,,,,,,,,,,,,,,
"Istri Hamzah Haz Meninggal, Ketum PPP Sampaikan Belasungkawa	https://news.detik.com/berita/d-3640205/istri-hamzah-haz-meninggal-ketum-ppp-sampaikan-belasungkawa	""DETIKNEWS | Selasa 12 September 2017"," 22:16 WIB""	""Jakarta - Istri wakil presiden ke-9 RI Hamzah Haz", Asmaniah, meninggal dunia hari ini. Ketua Umum PPP M Romahurmuziy menyampaikan ucapan belasungkawa.,,,,,,,,,,,,
,,,,,,,,,,,,,,,
Innalillahi wa inna ilaihi rajiun. Atas nama keluarga besar PPP, saya menyampaikan turut berdukacita atas wafatnya Ibu Asmaniah (Nani) Hamzah Haz pagi tadi pukul 04.00 di kediaman Patra Kuningan, Jakarta, kata Romahurmuziy dalam keterangan tertulis, Selasa (12/9/2017).,,,,,,,,,,,
,,,,,,,,,,,,,,,
Selama mendampingi Hamzah Haz, Romahurmuziy mengatakan, Nani dikenal sebagai sosok yang setia. Nani juga dinilai sebagai sosok yang teguh dalam mendampingi suaminya menghadapi situasi politik.,,,,,,,,,,,,,
,,,,,,,,,,,,,,,
Selama (Nani) mendampingi Pak Hamzah, kami mengenalnya sebagai sosok yang teguh dan setia. Beliau pendamping yang teguh menghadapi naik dan turunnya politik yang dialami Pak Hamzah, tanpa mengurangi kehangatan dan keramahannya, jelasnya.,,,,,,,,,,,,
,,,,,,,,,,,,,,,
Menurutnya, sosok teguh tersebut dilihatnya saat bertemu dengan Hamzah Haz di kediamannya, Jalan Patra Kuningan, Jakarta Selatan. PPP juga mengenal Nani sebagai sosok yang setia dalam menemani Hamzah Haz dalam perjuangan kariernya.,,,,,,,,,,,,
,,,,,,,,,,,,,,,
Setidaknya itu yang kami rasakan setiap kami berkunjung ke kediaman Pak Hamzah sejak di Matraman hingga di Patra Kuningan. Bu Nani juga sosok yang setia, selalu ada di setiap perjuangan dan karier Pak Hamzah, ucap Romi, sapaan akrab Romahurmuziy.,,,,,,,,,,,,
,,,,,,,,,,,,,,,
Dari Kupang, NTT, saya mengucapkan, 'Selamat jalan, Bu Nani. Semoga Allah SWT menjadikan kepergianmu khusnul khotimah dan memberikanmu tempat terbaik di sisi-Nya," imbuhnya. """,,,,,,,,,,
"DPR Targetkan Bahas RUU Penyadapan Tahun Depan	https://news.detik.com/berita/d-3640192/dpr-targetkan-bahas-ruu-penyadapan-tahun-depan	""DETIKNEWS | Selasa 12 September 2017"," 22:01 WIB""	""Jakarta - Komisi III DPR tengah menyusun Rancangan Undang-Undang (RUU) tentang Penyadapan. RUU tersebut akan mulai dibahas tahun depan.",,,,,,,,,,,,,,
,,,,,,,,,,,,,,,
Kita baru menyiapkan TOR-nya. Kemungkinan akhir tahun ini baru tergambar drafnya. Mungkin tahun depan bisa jalan pembahasannya. Tapi kita targetkan dalam periode kami 2014-2019 ini bisa kita selesaikan, ujar Ketua Komisi III Bambang Soesatyo di gedung DPR, Senayan, Jakarta, Selasa (12/9/2017).,,,,,,,,,,,
,,,,,,,,,,,,,,,
Alasan DPR menyusun RUU Penyadapan berdasarkan putusan Mahkamah Konstitusi. DPR akan meminta pandangan lembaga terkait yang memiliki kewenangan melakukan penyadapan.,,,,,,,,,,,,,,,
,,,,,,,,,,,,,,,
Jika RUU itu sudah resmi diundangkan, aparat penegak hukum wajib mematuhi kewenangan penyadapan.,,,,,,,,,,,,,,
,,,,,,,,,,,,,,,
Ya, pasti. Kan dalam pembahasan kita undang KPK untuk ikut membahas. Nanti gimana, membentuk hasil UU-nya kan tidak bisa DPR yang nentukan, tapi bersama pemerintah, stakeholder lain, BIN, BNN, kepolisian, kejaksaan, BNPT, dan KPK itu sendiri," tutur Bamsoet. """,,,,
"Kebakaran di Setiabudi Jaksel Padam, 1 Rumah Hangus	https://news.detik.com/berita/d-3640193/kebakaran-di-setiabudi-jaksel-padam-1-rumah-hangus	""DETIKNEWS | Selasa 12 September 2017"," 21:59 WIB""	""Jakarta - Sebuah rumah yang merupakan wisma mahasiswa Aceh di Setiabudi", Jakarta Selatan, terbakar. Sembilan mobil pemadam kebakaran dikerahkan dan api kini telah padam. ,,,,,,,,,,,,
,,,,,,,,,,,,,,,
Iya, wisma mahasiswa Aceh (yang terbakar), informasi awal memang lapak pemulung, kata petugas damkar, Suparman, saat dihubungi detikcom, Selasa (12/9/2017).,,,,,,,,,
,,,,,,,,,,,,,,,
Lokasi kebakaran dekat dengan Polsek Setiabudi, Jalan Perintis, Setiabudi, Jakarta Selatan, Selasa (12/9/2017) sekitar pukul 20.10 WIB. Namun, api sudah dipadamkan pada pukul 21.25 WIB.,,,,,,,,,,
,,,,,,,,,,,,,,,
Sudah padam pukul 21.25 WIB, jelasnya.,,,,,,,,,,,,,,
,,,,,,,,,,,,,,,
Sementara ini informasi untuk jumlah rumah dan korban belum dapat diinformasikan. Namun Suparman mengatakan rumah yang terbakar tersebut merupakan rumah tinggal.,,,,,,,,,,,,,,,
,,,,,,,,,,,,,,,
Rumah biasa, ukurannya kami belum tahu. Tapi itu rumah tinggal," ungkapnya. """,,,,,,,,,,,,,
"Menaker: Sarjana Keluaran Kampus Indonesia Tak Langsung Siap Pakai	https://news.detik.com/berita-jawa-tengah/d-3640184/menaker-sarjana-keluaran-kampus-indonesia-tak-langsung-siap-pakai	""DETIKNEWS | Selasa 12 September 2017"," 21:29 WIB""	""Yogyakarta - Menteri Ketenagakerjaan (Menaker)", M Hanif Dhakiri menilai di Indonesia terdapat 2 juta angkatan kerja per tahun. Jumlah tersebut memiliki berbagai problem di lapangan. Selain itu lulusan kampus Indonesia juga tidak bisa langsung siap menghadapi dunia kerja.,,,,,,,,,,,,,
,,,,,,,,,,,,,,,
Hanif Dhakiri memaparkan 2 juta angkatan kerja di Indonesia saat ini tersebut menghadapi sejumlah problem. Pertama ketidaksesuaian antara pendidikan dengan bidang kerja. Kedua, adalah tenaga kerja yang tinggi tidak seiring dengan pertumbuhan industri. Ketiga, kualifikasinya rendah, misalnya sarjana komputer tidak bisa mengoperasikan komputer atau sarjana perminyakan tidak mengerti minyak.,,,,,,,,,,,,
,,,,,,,,,,,,,,,
Sekolahnya apa, kerjanya apa, gak jelas. Ini 3-4 orang dari 10 orang, angkanya 37%. Berarti yang sekolahnya komputer kerja di komputer, yang kesehatan kerja di kesehatan, yang migas di migas hanya 3-4 orang dari 10 orang, kata Hanif dalam forum 'Indonesia HR Summit' di hotel Tentrem Yogyakarta, Selasa (12/9/2017).,,,,,,,,
,,,,,,,,,,,,,,,
Hanif juga menyoroti, di Indonesia saat ini terdapat 4 ribuan perguruan tinggi, dengan jumlah penduduk Indonesai 250 juta. Jika dibanding dengan China dengan penduduk 1,4 milyar tetapi jumlah perguruan tingginya hanya 2 ribu.,,,,,,,,,,,,
,,,,,,,,,,,,,,,
Penduduknya seperlima dari China, tetapi jumlah perguruan tingginya 2 kali lipat dari China. Bisa bayangkan output-nya seperti apa. Itu yang menjadi tantangan angkatan kerja baru, kata hanif.,,,,,,,,,,,,,
,,,,,,,,,,,,,,,
Lebih lanjut dijelaskannya bahwa angkatan kerja baru fresh graduate, termasuk 750-800 ribu lulusan perguruan tinggi, tidak bisa langsung masuk ke pasar kerja. Padahal dunia industri ingin bisa siap pakai.,,,,,,,,,,,,,
,,,,,,,,,,,,,,,
Saya katakan, tidak ada output pendidikan yang siap pakai, yang ada adalah output pendidikan yang siap training, kata Muhammad Hanif Dhakiri.,,,,,,,,,,,,
,,,,,,,,,,,,,,,
Menurutnya, sistem pendidikan di Indonesia memang belum secara total berorientasi pada demand driven (berorientasi pada kebutuhan), sehingga angkatan kerja yang jumlahnya 2 juta per tahun tersebut tidak serta merta masuk ke pasar kerja.,,,,,,,,,,,,,
,,,,,,,,,,,,,,,
"Oleh karena itu perlu ada intervensi baik yang dilakukan pemerintah maupun dunia usaha yakni vocational training dengan berbagai bentuk pelatihan yang berorientasi pada sertifikasi profesi. """,,,,,,,,,,,,,,,
"Curi Besi dari Truk, 5 Bajing Loncat Ditangkap di Koja	https://news.detik.com/berita/d-3640180/curi-besi-dari-truk-5-bajing-loncat-ditangkap-di-koja	""DETIKNEWS | Selasa 12 September 2017"," 21:00 WIB""	""Jakarta - Tim Tindak Tegas Reaksi Cepat (Tiger) Polres Jakarta Utara menangkap lima bajing loncat di Koja", Jakut. Mereka ditangkap saat mengambil besi dari truk-truk yang melintas di lokasi tersebut.,,,,,,,,,,,,,
,,,,,,,,,,,,,,,
Pada saat patroli, Tim Tiger Bravo mendapati lima orang bajing loncat yang sedang membawa empat karung berisi besi skaf. Besi tersebut didapat dari truk-truk yang melintas di jalan tersebut, kata Kapolres Jakut Kombes Dwiyono lewat keterangan tertulisnya, Selasa (12/9/2017).,,,,,,,,,,,,
,,,,,,,,,,,,,,,
Para pelaku ditangkap di Jalan Pegangsaan Dua, Koja, Jakut, sekitar pukul 01.30 WIB. Semua pelaku masih dalam usia sekolah. Kelima pelaku tersebut adalah BA (15), RH (15), RR (15), YL (16), dan RS (16). Kelimanya bajing loncat yang berdomisili di Koja ini lalu dibawa ke Polres Jakut.,,,,,,,,
,,,,,,,,,,,,,,,
Barang buktinya empat buah karung berisi besi. Selanjutnya pelaku berikut barang bukti diamankan ke Mapolres Metro Jakut untuk proses lebih lanjut," ujarnya. """,,,,,,,,,,,,,,
"Kesabaran Nanik Dampingi Kakak yang Tunanetra Selama di Tanah Suci	https://news.detik.com/berita/d-3640179/kesabaran-nanik-dampingi-kakak-yang-tunanetra-selama-di-tanah-suci	""DETIKNEWS | Selasa 12 September 2017"," 20:57 WIB""	""Madinah - Di antara jemaah kelompok terbang (kloter) 44 Embarkasi Surabaya (SUB 44) yang tiba di Madinah hari ini", Selasa (12/9), ada Nanik Yuliati (46) dan kakaknya, Siti Chalimah (65), yang tunanetra. Nanik terlihat sabar mendorong kursi roda kakaknya. Begitulah yang ia lakukan dalam prosesi haji.,,,,,,,,,,
,,,,,,,,,,,,,,,
Alhamdulillah, lancar, kata Nanik di Hotel Elaf Al Burkan, Sektor 5, Madinah, Selasa (12/9/2017). ,,,,,,,,,,
,,,,,,,,,,,,,,,
"Yang dimaksud lancar oleh Nanik adalah prosesi ibadah haji akhir Agustus hingga awal September 2017. Ia dan kakaknya telah menuntaskan tahapan haji. """"Untuk kakak", sebagian tahapan seperti di Mina di-badal-kan (diwakilkan), kata Nanik.,,,,,,,,,,,,,
,,,,,,,,,,,,,,,
Nanik dan rombongan tiba di hotel pada pukul 13.05 waktu Arab Saudi. Mereka adalah rombongan pertama dari Mekah yang tiba di Madinah. Rombongan disambut Dirjen Penyelenggaraan Haji dan Umrah Kemenag Nizar Ali, Direktur Bina Haji Khoirizi HD, dan lain-lain. Setelah rombongan Nanik, jemaah lain menyusul tiba di hotel. ,,,,,,,,,,,,
,,,,,,,,,,,,,,,
Siti sakit di bagian mata sejak 30 tahun lalu. Dia tidak lagi bisa melihat. Namun kekurangan itu tak menyurutkan semangatnya berhaji. Mendaftar pada 2010, mereka berangkat haji tahun ini.,,,,,,,,,,,,,,
,,,,,,,,,,,,,,,
Selama di Madinah, Nanik akan mendampingi kakaknya beribadah arbain, salat 5 waktu tanpa putus sebanyak 40 kali di Masjid Nabawi. Ia akan bergantian dengan saudaranya mendorong kursi roda kakaknya.,,,,,,,,,,,,,
,,,,,,,,,,,,,,,
Insyaallah kuat, nanti gantian, kok, aku perempuan asal Batu, Jawa Timur, ini. Selain dengan kakak, Nanik berangkat bersama dua saudaranya. ,,,,,,,,,
,,,,,,,,,,,,,,,
Suami (saya) sudah tidak ada (meninggal), sambung Nanik dengan ekspresi berubah jadi sedih.,,,,,,,,,,,,,,
,,,,,,,,,,,,,,,
Hari ini, jemaah 16 kloter dari Mekah dijadwalkan masuk Madinah. Mereka menempati hotel-hotel sekitar Masjid Nabawi. Pada gelombang pertama, ada jemaah yang menempati hotel dalam radius 1,2 kilometer, sedangkan kali ini jemaah paling jauh berada dalam radius 600 meter.,,,,,,,,,,,
,,,,,,,,,,,,,,,
Jemaah akan berada di Madinah selama 8-9 hari. Selanjutnya mereka diterbangkan ke Tanah Air melalui Bandara Amir Muhammad bin Abdul Aziz," Madinah. """,,,,,,,,,,,,,,
"Dijenguk Luhut, Ini Kondisi Novanto di RS Siloam	https://news.detik.com/berita/d-3640178/dijenguk-luhut-ini-kondisi-novanto-di-rs-siloam	""DETIKNEWS | Selasa 12 September 2017"," 20:55 WIB""	""Jakarta - Ketua DPR yang juga Ketum Golkar Setya Novanto masih dirawat di RS Siloam", Semanggi, Jakarta. Novanto mengalami vertigo.,,,,,,,,,,,,
,,,,,,,,,,,,,,,
(Novanto) masih diinfus, masih makan di tempat itu juga, ujar Sekjen Golkar Idrus Marham di RS Siloam, Selasa (12/9/2017).,,,,,,,,,,,,
,,,,,,,,,,,,,,,
Idrus sempat menemani Menko Kemaritiman Luhut Binsar Panjaitan yang datang membesuk. Namun Luhut hanya datang sebentar karena Novanto tengah beristirahat.,,,,,,,,,,,,,,,
,,,,,,,,,,,,,,,
Tadi cuma kasih semangat. Kan lihat tadi, cuma sebentar sekali, sebut Idrus.,,,,,,,,,,,,,
,,,,,,,,,,,,,,,
Tim dokter DPR pada pagi tadi mengecek kondisi Novanto. Menurut tim dokter, Novanto kembali mengalami vertigo setelah berolahraga tenis meja.,,,,,,,,,,,,,,
,,,,,,,,,,,,,,,
Hal ini diamini Idrus. Novanto, menurutnya, mengalami kelelahan.,,,,,,,,,,,,,
,,,,,,,,,,,,,,,
Vertigo beberapa kali, kan. Kalau kecapekan kayak kemarin itu dari Bali. Ini juga sudah kena gula darah, fungsi ginjal," tutur Idrus. """,,,,,,,,,,,,
"Kejagung Selidiki Penyuap Rp 14 Miliar PNS Pajak	https://news.detik.com/berita/d-3640177/kejagung-selidiki-penyuap-rp-14-miliar-pns-pajak	""DETIKNEWS | Selasa 12 September 2017"," 20:50 WIB""	""Jakarta - Kejaksaan Agung (Kejagung) terus mengusut dugaan kasus suap penjualan faktur pajak. Kini Kejagung sedang menyelidiki pemberi suap terhadap tersangka PNS KPP Madya Gambir berinisial AP. ",,,,,,,,,,,,,,
,,,,,,,,,,,,,,,
Nanti, ya. Yang jelas, kita sudah ada penyelidikan mengenai pemberinya, kata Direktur Penyidikan pada Jampidsus Kejagung Warih Sadono, Selasa (12/9/2017). ,,,,,,,,,,,
,,,,,,,,,,,,,,,
Namun Warih masih merahasiakan siapa pihak yang diduga memberi suap kepada AP karena masih dalam tahap penyelidikan.,,,,,,,,,,,,,,,
,,,,,,,,,,,,,,,
Masih penyelidikan, nggak boleh disebutin orangnya. Kita lihat nanti siapa-siapanya, ujarnya.,,,,,,,,,,,,,
,,,,,,,,,,,,,,,
Nantinya, jika memiliki bukti yang cukup kuat, penyidik akan menentukan tersangkanya. Penyidik akan meneliti faktor-faktor yang akan menguatkan barang bukti. ,,,,,,,,,,,,,
,,,,,,,,,,,,,,,
Kalau alat buktinya kuat, kita lihat mana yang prioritas niatnya, lalu faktor banyak yang tentukan jadi tersangka, ungkap Warih. ,,,,,,,,,,,,
,,,,,,,,,,,,,,,
Dalam kasus ini, Kejagung telah menahan pegawai pajak KPP Madya Gambir berinisial AP dan eks pegawai pajak KPP Madya Jakarta Selatan berinisial JJ. Keduanya ditahan di Rutan Salemba Cabang Kejagung terkait dugaan kasus penerimaan suap penjualan faktur pajak. ,,,,,,,,,,,,,,
,,,,,,,,,,,,,,,
Kejagung menyebut AP dan JJ bersama-sama menerima suap dugaan kasus penjualan faktur pajak dari beberapa perusahaan. Keduanya diduga menerima suap sebanyak Rp 14 miliar, yang diterima melalui langsung maupun tidak langsung.,,,,,,,,,,,,,,
,,,,,,,,,,,,,,,
Terindikasi melakukan tindak pidana korupsi yang diduga menerima suap (gratifikasi) dalam penjualan faktur pajak dari beberapa perusahaan, baik secara langsung maupun tidak langsung, dengan perantara pihak lain, di antaranya sekuriti perumahan, office boy KPP Madya, serta tukang jahit, kata Warih.,,,,,,,,,
,,,,,,,,,,,,,,,
Atas perbuatannya, kedua tersangka disangkakan Pasal 12 huruf a, Pasal 12 huruf b, Pasal 12 B," dan Pasal 11 Undang-Undang Nomor 31 Tahun 1999 sebagaimana telah diubah dengan Undang-Undang Nomor 20 Tahun 2001 tentang Pemberantasan Tindak Pidana Korupsi juncto Pasal 55 ayat 1 KUHP. """,,,,,,,,,,,
"Ini Pengakuan Taufan, Tersangka Prostitusi Online di Mojokerto	https://news.detik.com/berita-jawa-timur/d-3640171/ini-pengakuan-taufan-tersangka-prostitusi-online-di-mojokerto	""DETIKNEWS | Selasa 12 September 2017"," 20:50 WIB""	""Mojokerto - Taufan Al Meizar (22) diringkus polisi akibat bisnis prostitusi online yang dia geluti beberapa bulan terakhir. Mahasiswa asal Kelurahan Meri", Kranggan, Kota Mojokerto ini mengaku hanya menerima imbalan Rp 50 ribu dari setiap transaksi dengan pria hidung belang.,,,,,,,,,,,,
,,,,,,,,,,,,,,,
Taufan mengaku mulai menggeluti binsis prostitusi online sejak Agustus 2017. Mahasiswa semester 7 di salah satu perguruan tinggi swasta di Malang ini menggalang wanita pekerja seks komersial (PSK) melelui media sosial.,,,,,,,,,,,,,,,
,,,,,,,,,,,,,,,
Saya baru mempunyai satu anak buah, seorang janda. Kalau yang kemarin itu baru saya kenal melalui media sosial, kata Taufan saat jumpa pers di Mapolres Mojokerto, Selasa (12/9/2017) sore.,,,,,,,,,,,,
,,,,,,,,,,,,,,,
Untuk memasarkan jasa para PSK, Taufan menggunakan facebook. Di akun facebook miliknya, pemuda bertubuh tambun ini memasang nomor ponsel yang bisa dihubungi pria hidung belang.,,,,,,,,,,,,,
,,,,,,,,,,,,,,,
Setelah itu, transaksi beralih menggunakan whats app. Tersangka akan mengirim foto PSK plus tarifnya kepada para pemesan jasa esek-esek tersebut. Namun, selama beberapa bulan menjalankan bisnis haram ini, Taufan mengaku baru dua kali melakukan transaksi.,,,,,,,,,,,,
,,,,,,,,,,,,,,,
Yang memesan baru dua, yang satu kemarin hanya mengantarkan saja belum dapat apa-apa, ujarnya.,,,,,,,,,,,,,
,,,,,,,,,,,,,,,
Sementara dari transaksi sebelumnya," Taufan mengaku hanya mendapatkan komisi Rp 50 ribu. """"Saya gunakan untuk kebutuhan sehari-hari", cetusnya.,,,,,,,,,,,,,
,,,,,,,,,,,,,,,
Kapolres Mojokerto AKBP Leonardus Simarmata menuturkan, saat ini pihaknya masih mendalami semua keterangan tersangka. Mulai dari komisi hingga jumlah PSK yang diduga menjadi anak buah Taufan.,,,,,,,,,,,,,,
,,,,,,,,,,,,,,,
Kami menduga tersangka terlibat dengan jaringan yang lebih besar, masih kami dalami, tandasnya.,,,,,,,,,,,,,
,,,,,,,,,,,,,,,
Taufan diringkus saat bertransaksi dengan pelanggan di sebuah hotel di Kecamatan Puri, Kabupaten Mojokerto, Senin (11/9/2017) sekitar pukul 12.00 WIB. Dari penangkapan itu, petugas menyita barang bukti berupa bukti pembayaran kamar hotel, uang transaksi Rp 650 ribu, dan dua ponsel milik tersangka.,,,,,,,,,,
,,,,,,,,,,,,,,,
Menurut polisi, Taufan mempunyai sejumlah anak buah PSK. Tarif yang dipatok tersangka untuk sekali kencan bervariasi, antara Rp 750 ribu hingga Rp 1,"5 juta. """,,,,,,,,,,,,
"Disebut Jaksa Agung Bikin Gaduh, KPK: OTT Diatur Undang-undang	https://news.detik.com/berita/d-3640174/disebut-jaksa-agung-bikin-gaduh-kpk-ott-diatur-undang-undang	""DETIKNEWS | Selasa 12 September 2017"," 20:49 WIB""	""Jakarta - KPK menyatakan operasi tangkap tangan (OTT) sudah diatur dalam KUHAP. Karena itu", KPK akan mematuhi yang diatur dalam undang-undang.,,,,,,,,,,,,,
,,,,,,,,,,,,,,,
Undang-undang sudah jelas, KPK memiliki kewenangan penyelidikan, penyidikan, dan penuntutan. OTT diatur KUHAP, kami tentu mematuhi aturan, ujar Kabiro Humas KPK Febri Diansyah di gedung KPK, Jalan Kuningan Persada, Jakarta, Selasa (12/9/2017).,,,,,,,
,,,,,,,,,,,,,,,
Menurut Febri, jika beberapa pihak berkeberatan dengan OTT yang dilakukan KPK, bisa menempuh jalur hukum. Misalnya sidang praperadilan dan bisa membuktikan fakta di persidangan.,,,,,,,,,,,,,
,,,,,,,,,,,,,,,
Kami juga memiliki tugas koordinasi dan supervisi penanganan kasus korupsi itu kami lakukan. Kalau ada pihak yang keberatan OTT dilakukan KPK, misal pihak tersangka atau pihak yang dirugikan keberatan dengan seluruh proses penanganan kasus di KPK, ada jalur hukum bisa dilakukan, seperti praperadilan atau menyampaikan pembuktian proses persidangan, kata Febri.,,,,,,,,,,,
,,,,,,,,,,,,,,,
Atau keberatan bukti yang diajukan KPK tidak cukup atau lemah, silakan ajukan. Ada mekanisme hukum peradilan diatur, lebih baik itu yang digunakan, sambung Febri.,,,,,,,,,,,,
,,,,,,,,,,,,,,,
Apalagi, lanjut Febri, KPK mempunyai aturan penyelidikan, penyidikan," dan penuntutan yang diatur UU KPK dan Tipikor. """"Tadi saya sudah jawab UU KPK sudah mengatur penyelidikan", penyidikan, dan penuntutan. Kami hanya menjalankan UU, ucap Febri.,,,,,,,,
,,,,,,,,,,,,,,,
Jaksa Agung Prasetyo sebelumnya mengkritik OTT untuk penindakan kasus korupsi. Prasetyo menilai OTT membuat gaduh.,,,,,,,,,,,,,,,
,,,,,,,,,,,,,,,
Penindakan kasus korupsi dengan melakukan operasi tangkap tangan yang dilaksanakan di negara kita yang terasa gaduh dan ingar-bingar, namun IPK (indeks persepsi korupsi) Indonesia dalam beberapa tahun ini tidak mengalami kenaikan yang signifikan, ujar Prasetyo di gedung DPR, Senayan, Jakarta," Senin (11/9). """,,,,,,,,,,
"Rumah Semipermanen Terbakar di Jaksel, 12 Mobil Damkar Dikerahkan	https://news.detik.com/berita/d-3640173/rumah-semipermanen-terbakar-di-jaksel-12-mobil-damkar-dikerahkan	""DETIKNEWS | Selasa 12 September 2017"," 20:48 WIB""	""Jakarta - Rumah semipermanen terbakar di Karet", Jakarta Selatan, terbakar. Sebanyak 12 mobil pemadam kebakaran dikerahkan untuk memadamkan api. ,,,,,,,,,,,,
,,,,,,,,,,,,,,,
Dua belas mobil kami kirim, kata petugas informasi Pemadam Kebakaran Jakarta Selatan, Wahyono, saat dihubungi detikcom, Selasa (12/9/2017).,,,,,,,,,,,
,,,,,,,,,,,,,,,
Kebakaran terjadi di Jalan Perintis (titik kenal Polsek Setiabudi), Karet, Jakarta Selatan, Selasa (12/9/2017) sekitar pukul 20.10 WIB. Wahyono mengatakan belum ada informasi berapa rumah yang terdampak maupun korban dalam kejadian itu. Rumah-rumah yang terbakar tersebut adalah lapak pemulung.,,,,,,,,,,,,
,,,,,,,,,,,,,,,
Informasinya rumah, lapak pemulung. Belum ada berapa jumlahnya. Peristiwa tadi pukul 20.10 WIB. Korban juga belum bisa dipastikan, ujarnya.,,,,,,,,,,,,,
,,,,,,,,,,,,,,,
Kini kebakaran tersebut dalam penanganan petugas. Wahyono mengatakan petugas damkar saat ini masih melakukan proses pendinginan di lokasi kebakaran.,,,,,,,,,,,,,,,
,,,,,,,,,,,,,,,
Masih proses pendinginan, masih penanganan," jelasnya. """,,,,,,,,,,,,,
"Ustaz Sambo Bantah Asma Dewi Pernah Jadi Bendahara Alumni 212	https://news.detik.com/berita/d-3640172/ustaz-sambo-bantah-asma-dewi-pernah-jadi-bendahara-alumni-212	""DETIKNEWS | Selasa 12 September 2017"," 20:43 WIB""	""Jakarta - Ustaz Ansufri Idrus Sambo membantah informasi Asma Dewi ikut menjabat bendahara di Presidium Alumni 212. Sambo", yang pernah menjabat Ketua Presidium Alumni 212, mengatakan hanya ada tiga jabatan dalam kepengurusannya.,,,,,,,,,,,,
,,,,,,,,,,,,,,,
Di periode kepengurusan saya, tidak ada jabatan bendahara. Yang ada hanya ketua, sekretaris, dan ketua penasihat. Adapun semuanya adalah anggota pengurus atau anggota dewan penasihat, kata Sambo lewat pesan singkat kepada detikcom, Selasa (12/9/2017).,,,,,,,,,,
,,,,,,,,,,,,,,,
Nggak betul Asma Dewi sebagai koordinator ataupun bendahara, sambungnya. ,,,,,,,,,,,,,,
Dia mengatakan Asma Dewi ialah simpatisan yang ikut membantu di Presidium Alumni 212. Menurutnya, Asma juga sempat membentuk Tamasya Al-Maidah bersama orang lainnya.,,,,,,,,,,,,,,
,,,,,,,,,,,,,,,
Awalnya Tamasya Al-Maidah adalah panitia program saja, kemudian diperbesar cakupan anggotanya menjadi di bawah Presidium Alumni 212, yang fokus pada pemenangan gubernur muslim Jakarta, ujarnya. Kemudian, seusai Pilkada Jakarta, Tamasya Al-Maidah selesai tugasnya. Namun Presidium Alumni 212 tetap dipertahankan dengan tugasnya berubah menjadi membela para ulama dan aktivis.,,,,,,,,,,
,,,,,,,,,,,,,,,
Sambo mengaku kenal baik dengan Asma Dewi. Keduanya sering bertemu dalam aksi-aksi bela Islam.,,,,,,,,,,,,,,,
,,,,,,,,,,,,,,,
Saya kenal baik dengan Bu Asma Dewi sebagai Alumni 212. Kita sering ketemu dalam aksi-aksi bela Islam, ujarnya.,,,,,,,,,,,,,,
Dia mengatakan, lembaga Tamasya Al-Maidah 51 dan Alumni 212 bersifat ad hoc. Lembaga ini juga memiliki sifat terbuka dalam keanggotaannya.,,,,,,,,,,,,,,
,,,,,,,,,,,,,,,
Karena lembaga ini hanya bersifat ad hoc, hanya untuk mengawal Pilkada Jakarta. Adapun anggotanya bersifat terbuka bagi Alumni 212 dan siapa saja yang mau berjuang dan membantu memenangkan gubernur muslim di Jakarta, tuturnya.,,,,,,,,,,,,,
,,,,,,,,,,,,,,,
Sambo mengatakan akan melakukan pembelaan kepada Asma Dewi sebagai bentuk solidaritas.,,,,,,,,,,,,,,,
Insyaallah kita akan adakan pembelaan kepada Bu Asma Dewi sebagai bentuk solidaritas kepada sesama pejuang Alumni 212 dan anak bangsa yang sedang dikriminalisasi oleh rezim penguasa saat ini, katanya.,,,,,,,,,,,,,,
,,,,,,,,,,,,,,,
Asma Dewi ditangkap Direktorat Tindak Pidana Siber Bareskrim Polri atas kasus dugaan penyebaran ujaran kebencian (hate speech). Dia ditangkap di kompleks Angkatan Kepolisian Republik Indonesia (AKRI), Ampera, Jakarta Selatan, pada Jumat (8/9).,,,,,,,,,,,,
Penangkapan itu terkait hate speech Asma Dewi di media sosial Facebook. Pada penyelidikan selanjutnya, polisi menyebut Asma Dewi memiliki keterkaitan dengan grup penyebar kebencian, Saracen.,,,,,,,,,,,,,
,,,,,,,,,,,,,,,
Pengacara Asma Dewi, Djudju Purwantoro, membantah hal tersebut. Menurutnya," Asma tidak mengenal grup Saracen. """,,,,,,,,,,,,
"Tanggapi Jaksa Agung, KPK Minta Fungsi Penuntutan Tak Dipisah	https://news.detik.com/berita/d-3640164/tanggapi-jaksa-agung-kpk-minta-fungsi-penuntutan-tak-dipisah	""DETIKNEWS | Selasa 12 September 2017"," 20:42 WIB""	""Jakarta - Jaksa Agung M Prasetyo mempersoalkan kewenangan penuntutan KPK. Ketua KPK Agus Rahardjo menilai usul tersebut dapat mengurangi kewenangan KPK.",,,,,,,,,,,,,,
,,,,,,,,,,,,,,,
Kalau kita lihat performance, KPK kalau satu tempat lebih efektif. Jadi, kalau ada usulan seperti itu, sedikit-banyak mengurangi kewenangan KPK, ujar Agus di gedung DPR, Senayan, Jakarta, Selasa (12/9/2017).,,,,,,,,
Agus meminta usulan tersebut dikaji ulang. Ia menyarankan peningkatan koordinasi antara KPK, Polri, dan Kejaksaan Agung.,,,,,,,,,,,,,
,,,,,,,,,,,,,,,
Walaupun contoh Singapura dan Malaysia penuntutan terpisah, tapi ada juga yang satu tempat. Jadi tolong dikaji lebih mendalam, dipertimbangkan lagi efektivitas ke depan. Yang penting koordinasi lebih baik antara KPK dan polisi, jaksa, imbuhnya.,,,,,,,,,,,
,,,,,,,,,,,,,,,
Sebelumnya, usulan tersebut dilontarkan Prasetyo saat rapat dengar pendapat dengan Komisi III DPR, Senin (11/9). Sementara itu, pihak Istana menegaskan Presiden Joko Widodo tidak ingin kewenangan KPK dikurangi.,,,,,,,,,,,,
,,,,,,,,,,,,,,,
Sekali lagi, dalam hal ini Presiden tidak ada keinginan sama sekali untuk mengurangi kewenangan KPK. Nggak usah ditafsirkan macam-macam, kata Seskab Pramono Anung di Istana Negara, Jl Veteran, Jakarta Pusat," Selasa (12/9). """,,,,,,,,,,
"Menaker: Kita Hajar Tenaga Kerja Asing Ilegal dan Langgar Aturan	https://news.detik.com/berita-jawa-tengah/d-3640160/menaker-kita-hajar-tenaga-kerja-asing-ilegal-dan-langgar-aturan	""DETIKNEWS | Selasa 12 September 2017"," 20:40 WIB""	""Yogyakarta - Tenaga kerja asing yang masuk ke Indonesia memang diperbolehkan. Namun bagi tenaga kerja asing yang masuk secara ilegal dan melanggar aturan", akan mendapat perhatian khusus. Bahkan Menteri Ketenagakerjaan (Menaker), Hanif Dhakiri, berjanji akan menghajar mereka.,,,,,,,,,,,
,,,,,,,,,,,,,,,
Hanif Dhakiri mengatakan bahwa Indonesia bukan negara yang tertutup sehingga tenaga kerja asing diperbolehkan masuk. Prinsipnya, tenaga kerja asing yang masuk Indonesia harus legal dan memenuhi aturan.,,,,,,,,,,,,,,
,,,,,,,,,,,,,,,
Legal, memenuhi aturan gak ada masalah. Tapi kalau misalnya ilegal atau melanggar aturan, ya kita hajar, kata M Hanif Dhakiri usai menjadi pembicara pada 'Indonesia HR Summit' di Hotel Tentrem Yogyakarta, Selasa (12/9/2017).,,,,,,,,,,,
,,,,,,,,,,,,,,,
Dalam acara tersebut Hanfi menegaskan tenaga kerja lokal harus terus didorong untuk peningkatan kompetensi. Harus ada percepatan peningkatan tenaga kerja lokal dengan peningkatan akses dan mutu vocational training maupun vocational retraining.,,,,,,,,,,,,,,,
,,,,,,,,,,,,,,,
Hal tersebut perlu dilakukan untuk membantu angkatan kerja baru yang memang masih ada problem mismacth dan kualifikasinya belum sesuai kebutuhan industri. Selain itu juga sekaligus membantu pekerja-pekerja lama yang membutuhkan peningkatan kesejahteraan. Untuk meningkatkan kesejahteraan dibutuhkan peningkatan skill sehingga perlu pelatihan. ,,,,,,,,,,,,,,,
,,,,,,,,,,,,,,,
Dalam konteks itu baik pemerintah maupun dunia usaha harus sama-sama berkepentingan agar semakin banyak peluang bagi seluruh angkatan kerja kita, baik yang baru maupun yang lama untuk bisa meningkatkan kompetisi di pelatihan-pelatihan kerja baik milik pemerintah maupun swasta," kata Hanif Dhakiri. """,,,,,,,,,,,,,
"Ini Surat Terbuka Komisi XI DPR untuk Parlemen Myanmar soal Rohingya	https://news.detik.com/berita/d-3640161/ini-surat-terbuka-komisi-xi-dpr-untuk-parlemen-myanmar-soal-rohingya	""DETIKNEWS | Selasa 12 September 2017"," 20:37 WIB""	""Jakarta - Komisi XI DPR RI memberikan surat terbuka dalam pertemuan delegasi dengan anggota parlemen Myanmar. Surat terbuka tersebut diberikan oleh perwakilan Komisi XI Eva Sundari dari Fraksi PDIP. ",,,,,,,,,,,,,,
,,,,,,,,,,,,,,,
Sudah kubilang ke mereka. This will be an open letter (ini akan menjadi surat terbuka), ujar Eva kepada salah satu anggota parlemen Myanmar di gedung DPR, Senayan, Jakarta, Selasa (12/9/2017). ,,,,,,,,,,,
,,,,,,,,,,,,,,,
Salah seorang anggota parlemen Myanmar mengatakan surat tersebut akan disampaikan kepada Ketua DPR Myanmar. Surat terbuka tersebut berisi desakan DPR RI kepada anggota parlemen Myanmar untuk menggunakan kekuatan parlemen mendorong pemerintah Myanmar melindungi etnis Rohingya di Rakhine. ,,,,,,,,,,,,,,,
,,,,,,,,,,,,,,,
Akan disampaikan kepada Ketua DPR (Myanmar), kata Eva meneruskan ucapan salah satu anggota parlemen Myanmar. ,,,,,,,,,,,,,,
,,,,,,,,,,,,,,,
Berikut isi surat terbuka dari Eva Sundari yang didukung oleh seluruh anggota Komisi XI: ,,,,,,,,,,,,,,,
,,,,,,,,,,,,,,,
Kepada ,,,,,,,,,,,,,,,
Yth. U win Myint, Ketua Myanmar (Lower House) ,,,,,,,,,,,,,,
Yth. U Mahn Win Khaing Than, Ketua Upper House) ,,,,,,,,,,,,,,
Yth Para anggota Parlemen Myanmar,,,,,,,,,,,,,,,
,,,,,,,,,,,,,,,
12-Sep-17,,,,,,,,,,,,,,,
,,,,,,,,,,,,,,,
Yth. para Ketua dan anggota Parlemen,,,,,,,,,,,,,,,
,,,,,,,,,,,,,,,
Sebagai sesama anggota parlemen, kita sangat prihatin situasi di Rakhine State. Begitu makin banyak orang yang terbunuh, terusir, dan kesengsaraan yg tdk terukur sebagai akibat tindak kekerasan yang tengah berlangsung di sana. Kami mendesak agar anda mempergunakan kekuatan parlemen untuk mendorong Pemerintah Myanmar untuk melindungi semua penduduk sipil di Rakhine State tanpa melihat etnis, agama maupun status kewarganegaraan mereka. ,,,,,,,,,,,
,,,,,,,,,,,,,,,
Lebih dari 300.00 orang Rohingya dipaksa untuk menyeberang perbatasan ke Bangladesh sejak militer Myanmar melaksanakan 'operasi pembersihan' di bagian utara Rakhine State pada tanggal 25 Agustus yang lalu. Sepuluh ribuan non muslim juga terusir dari rumah mereka akibat pertempuran militer tersebut. Kita sudah menyaksikan dari satelit bagaimana pembakaran yang luas terhadap seluruh desa-desa di wilayah tersebut. Para korban yang selamat bersaksi atas adanya cerita mengerikan terkait pembunuhan masal dan kekerasan seksual. Kita juga mendapat informasi bahwa militer Myanmar juga menanam ranjau-ranjau darat sekitar perbatasan Bangladesh yang jelas menargetkan penduduk yang menyelamatkan diri. ,,,,,,,,,,,,,,,
,,,,,,,,,,,,,,,
Kita paham bahwa Pemerintah Myanmar membantah hal-hal tersebut, tetapi segunung fakta dan bukti yang meyakinkan telah kami terima bahwa kekejaman tengah berlangsung di sana. Bantahan dan pengingkaran Pemerintah Myanmar amat tidak berdasar dan akan sia-sia. Kita sudah pelajari bahwa 'operasi pembersihan' diinisiasi oleh militer Myanmar sebagai respon terhadap serangan ARSA (Arakan Rohingya Salvation Army) ke pos polisi yang menyebabkan kematian 12 tentara. ,,,,,,,,,,,,,,
,,,,,,,,,,,,,,,
Indonesia, sudah lebih dari paham bahayanya terorisme dan ekstremisme. Tapi, kita tidak melaksanakan dan menolak respon yang membabi buta dengan menghukum semua orang termasuk masyarakat sipil yang tidak bersalah terutama anak-anak dan perempuan. Semua orang harus dilindungi tanpa melihat latar belakang primordial mereka.,,,,,,,,,,,,,
,,,,,,,,,,,,,,,
Kita juga prihatin terhadap implikasi krisis saat ini di wilayah regional kita bersama. Krisis saat di Myanmar resikonya harus ditanggung secara kolektif misalkan ancaman berupa berbondongya lagi pengungsi ke negara2 tetangga dalam jumlah yang lebih besar. Lebih lanjut, taktik kejam yang dipakai Tatmadaw dalam konteks 'operasi pembersihan' dapat memberi angin kepada kelompok ekstremis dan akibatnya bisa mengancam perdamaian yang sudah bisa kita jaga di Asean selama ini. ,,,,,,,,,,,,,,
,,,,,,,,,,,,,,,
Kami sangat mendukung rekomendasi dari Komisi Rakhine yang dipimpin oleh mantan Sekretaris Jenderal PBB Kofi Annan dan dibentuk oleh Pemerintah Myanmar. Dalam rekomendasi tersebut dikatakan bahwa solusi problem mendasar harus bersifat jangka panjang. Indonesia siap untuk mendukung Pemerintah Myanmar dalam menerapkannya. Mengidentifikasi akar masalah dan menyelesaikan masalah struktural yaitu masalah kewarganegaraan yang merupakan pemicu ketegangan antar-komunal. Tapi pertama, pembunuhan dan pengusiran massal harus dihentikan.,,,,,,,,,,,,,,
,,,,,,,,,,,,,,,
Sebagai orang Indonesia, kami memahami proses transisi yang sulit dari sistem otoriter ke demokrasi. Kami terus mendukung usaha masyarakat Myanmar untuk membangun demokrasi yang berkelanjutan di Myanmar, berdasarkan pada promosi dan perlindungan atas hak semua orang, dan kami siap untuk berbagi pelajaran lebih lanjut dari pengalaman kami dalam transisi demokrasi, yang mungkin dapat sesuai dengan situasi Myanmar.,,,,,,,,,,,
,,,,,,,,,,,,,,,
Dalam semangat itulah, kami meminta Pemerintah Myanmar untuk mengambil tindakan berupa penghentian kekejaman yang terjadi di Negara Bagian Rakhine dan untuk melindungi semua warga sipil yang tinggal di sana, terlepas dari status agama, etnis, atau kewarganegaraan. Kami menuntut Panglima Tertinggi Tatmadaw Min Aung Hlaing untuk mengakhiri pembantaian, pembakaran, dan perpindahan massa, yang sedang berlangsung di tangan pasukan keamanan di bawah kendali langsungnya. Dan kami menuntut pemerintah sipil, yang dipimpin oleh Penasihat Negara Daw Aung San Suu Kyi, untuk tidak mendorong propaganda anti-Rohingya dan untuk fokus melindungi semua warga sipil, daripada mengutuk satu kelompok.,,,,,
,,,,,,,,,,,,,,,
Kami mendesak Anda, sebagai sesama anggota parlemen, untuk menggunakan posisi Anda untuk mempengaruhi perubahan ke arah positif," termasuk mengakhiri serangan terhadap warga sipil dan menghentikan operasi """"pembersihan"""" militer di negara bagian Rakhine utara. Ini bukan masalah agama. Ini adalah masalah kemanusiaan fundamental dan merupakan tanggung jawab kita satu sama lain sebagai manusia. Kami berharap Anda akan mengikuti dengan sungguh-sungguh rekomendasi dan permintaan kami.",,,,,,,,,,,,
,,,,,,,,,,,,,,,
Hormat kami,,,,,,,,,,,,,,,
,,,,,,,,,,,,,,,
,,,,,,,,,,,,,,,
"Eva Sundari """,,,,,,,,,,,,,,,
"Nurdin Halid Didukung Kakak Syahrul Yasin Limpo di Pilgub Sulsel	https://news.detik.com/berita/d-3640158/nurdin-halid-didukung-kakak-syahrul-yasin-limpo-di-pilgub-sulsel	""DETIKNEWS | Selasa 12 September 2017"," 20:32 WIB""	""Makassar - Kakak Gubernur Sulawesi Selatan Syahrul Yasin Limpo", Tenri Olle Yasin Limpo, punya arah berbeda untuk Pilgub Sulsel 2018. Dia menyatakan dukungannya kepada Nurdin Halid, yang diusung oleh partai Golkar.,,,,,,,,,,,
,,,,,,,,,,,,,,,
Tenri, yang kini menjabat Wakil Ketua DPW NasDem Sulsel, diketahui beberapa kali mendampingi Ketua DPW NasDem Sulsel Rusdi Masse mengunjungi beberapa daerah di Sulsel untuk mengkampanyekan Nurdin-Aziz.,,,,,,,,,,,,,
,,,,,,,,,,,,,,,
Juru bicara tim pemenangan Nurdin-Aziz, Risman Pasigai, mengatakan dukungan Tenri, baik secara pribadi maupun sebagai pimpinan DPW NasDem Sulsel, menjadi amunisi baru bagi pasangan Nurdin-Aziz.,,,,,,,,,,,
,,,,,,,,,,,,,,,
Ibu Tenri adalah tokoh politik perempuan yang berpengaruh. Beliau pasti punya pertimbangan mengapa mendukung Nurdin-Aziz, ujar Risman saat dimintai konfirmasi detikcom, Selasa (12/9/2017).,,,,,,,,,,,,,
,,,,,,,,,,,,,,,
Selain Tenri, dukungan kepada Nurdin-Aziz diperkuat oleh salah satu tokoh politik Sulsel, Rusdi Masse. Rusdi merupakan Bupati Sidrap dalam dua periode sebelumnya. ,,,,,,,,,,,,,
,,,,,,,,,,,,,,,
Dua hari lagi NasDem Sulsel akan mendeklarasikan dukungan kepada Nurdin-Aziz di Hotel Clarion (Makassar), pungkas Risman.,,,,,,,,,,,,,,
,,,,,,,,,,,,,,,
Seperti diketahui, ada dua nama tokoh lain yang masuk bursa cagub Sulsel 2018, yakni Bupati Bantaeng Nurdin Abdullah, yang mengklaim sudah mengantongi 20 kursi dari 3 parpol, kemudian mantan Bendahara DPD Partai Golkar Sulawesi Selatan Ichsan Yasin Limpo," yang telah didukung PAN. """,,,,,,,,,,
"Polisi Dalami Keterkaitan Dodik Penghina Iriana dengan HTI	https://news.detik.com/berita/d-3640157/polisi-dalami-keterkaitan-dodik-penghina-iriana-dengan-hti	""DETIKNEWS | Selasa 12 September 2017"," 20:16 WIB""	""Bandung - Polisi menemukan bendera organisasi Hizbut Tahrir Indonesia (HTI) di kediaman Dodik Ikhwanto", pelaku penghinaan terhadap Ibu Negara Iriana Widodo, di Palembang. Polisi akan menelusuri kaitan Dodik dengan HTI.,,,,,,,,,,,,
,,,,,,,,,,,,,,,
Kain bendera HTI tersebut berwarna hitam dan putih. Terdapat tulisan Arab dalam kain tersebut. Barang bukti tersebut ditemukan di kediaman Dodik di Palembang.,,,,,,,,,,,,,,,
,,,,,,,,,,,,,,,
Di rumahnya di Palembang kita mendapatkan satu bendera HTI dengan pin dan gantungan kunci HTI, ujar Kasatreskrim Polrestabes Bandung AKBP M Yoris Maulana di Mapolrestabes Bandung, Jalan Jawa, Kota Bandung, Jabar, Selasa (12/9/2017).,,,,,,,,,,
,,,,,,,,,,,,,,,
Yoris belum bisa memastikan adakah kaitan Dodik dengan HTI. Pihaknya masih akan mendalami temuan tersebut.,,,,,,,,,,,,,,,
,,,,,,,,,,,,,,,
Ini masih didalami apakah ada kaitan dengan HTI atau tidak. Nanti hasil penyelidikan yang bisa membuktikan, katanya. Saat ini, sambung Yoris, penyidik masih fokus menangani perkara terkait hinaan terhadap Iriana. Selain kain mirip bendera HTI, polisi masih akan mendalami kasus tersebut dari barang bukti lainnya berupa ponsel Dodik.,,,,,,,,,,,
,,,,,,,,,,,,,,,
Yang jelas, penyidikan dan penyelidikan awal kita mengarah pada satu posting-an ini dulu untuk memenuhi alat bukti, kata dia.,,,,,,,,,,,,,
"
KPK Tetap Periksa Setya Novanto Meski Praperadilan Berjalan	https://news.detik.com/berita/d-3640155/kpk-tetap-periksa-setya-novanto-meski-praperadilan-berjalan	DETIKNEWS | Selasa 12 September 2017"," 20:14 WIB""	""Jakarta - Kabiro Humas KPK Febri Diansyah menyatakan belum mengetahui surat dari pimpinan DPR untuk menunda pemeriksaan Setya Novanto dalam kasus proyek e-KTP. Surat itu diantarkan oleh Kepala Biro Pimpinan Kesetjenan DPR RI Hani Tahapari.",,,,,,,,,,,,,,
,,,,,,,,,,,,,,,
Saya belum konfirmasi surat tersebut. Kalau ada surat ke KPK, kami pelajari dulu, kata Febri di gedung KPK, Jalan Kuningan Persada, Jakarta, Selasa (12/9/2017).,,,,,,,,,,
,,,,,,,,,,,,,,,
Namun, kata Febri, KPK akan melakukan tindakan sesuai dengan Undang-Undang Nomor 20 Tahun 2001 tentang Tindak Pidana Korupsi. Sehingga proses sidang praperadilan berjalan bersama dengan proses penyidikan.,,,,,,,,,,,,,
,,,,,,,,,,,,,,,
Namun, yang pasti, KPK dalam melakukan tindakannya khusus bidang penindakan sesuai dengan KUHAP dan UU Tipikor. Itu jadi pedoman kami. Proses praperadilan berjalan secara paralel, namun proses penyidikan untuk tersangka akan terus dilakukan, kata Febri.,,,,,,,,,,,
Dalam UU Tipikor, lanjut Febri, pihak KPK sebagai penegak hukum tidak mempunyai kewajiban menghentikan perkara dalam tingkat penyidikan,,,,,,,,,,,,,
,,,,,,,,,,,,,,,
Saya belum terima, jadi saya belum terima informasi. Secara umum, penanganan perkara dilakukan UU berlaku. Patokan kita UU dan tidak ada dalam UU KPK atau Tipikor yang mewajibkan penegak hukum menghentikan perkara ditingkat penyidikan dilakukan, jelas Febri.,,,,,,,,,,,,
,,,,,,,,,,,,,,,
Sebelumnya, Kepala Biro Pimpinan Kesetjenan DPR Hani Tahapari mengantarkan surat ke gedung KPK, Jalan Kuningan Persada, sore hari ini. Dalam surat tersebut, Hani mengatakan pimpinan DPR meminta KPK menghormati proses hukum praperadilan yang diajukan oleh Setya Novanto. Sehingga pemeriksaan Setya Novanto diminta ditunda karena sedang mengajukan sidang praperadilan di PN Jakarta Selatan.,,,,,,,,,,,
,,,,,,,,,,,,,,,
Saudara Setya Novanto sebagai warga masyarakat menghormati proses hukum dan akan selalu taat atas proses itu. Dan Saudara Setya Novanto memohon kepada pimpinan DPR untuk menyampaikan surat kepada KPK tentang langkah praperadilan tersebut dengan penundaan pemeriksaan pemanggilan Saudara Setya Novanto, kata Hani di gedung KPK, Jakarta," Selasa (12/9/2017). """,,,,,,,,,,,,
"Hina Iriana, Dodik Akui Tak Suka dengan Pemerintahan Jokowi	https://news.detik.com/berita/d-3640151/hina-iriana-dodik-akui-tak-suka-dengan-pemerintahan-jokowi	""DETIKNEWS | Selasa 12 September 2017"," 20:11 WIB""	""Bandung - Polisi menangkap pelaku penghinaan Ibu Negara Iriana Widodo di Instagram", Dodik Ikhwanto. Dodik mengungkapkan alasan menghina Iriana adalah benci terhadap pemerintahan yang dipimpin oleh Presiden Joko Widodo. ,,,,,,,,,,,,,
,,,,,,,,,,,,,,,
Berdasarkan pemeriksaan awal, yang bersangkutan mengaku mem-posting foto tersebut dengan motivasi ataupun alasannya nggak suka dengan pemerintahan sekarang, ujar Kapolda Jabar Irjen Agung Budi Maryoto di Mapolrestabes Bandung, Jalan Jawa, Kota Bandung, Jabar, Selasa (12/9/2017).,,,,,,,,,
,,,,,,,,,,,,,,,
Dari hasil pemeriksaan, Agung mengatakan pihaknya menemukan bukan hanya foto Iriana yang diedit hingga disertakan tulisan kata-kata yang tak pantas. Ada foto-foto lain yang diedit oleh pelaku.,,,,,,,,,,,,,,
Saya kira hasil pendalaman, banyak membuat posting-an bukan hanya untuk pemerintah. Tetapi ini masih kita dalami, kata dia.,,,,,,,,,,,,,
,,,,,,,,,,,,,,,
Agung menjelaskan, akun Instagram @warga_biasa merupakan akun asli dan bukan anonim. Akun itu dimiliki dan dikelola oleh Dodik sendiri. ,,,,,,,,,,,,,,
,,,,,,,,,,,,,,,
Setelah kita temui yang bersangkutan, kita bawa, kita periksa, betul mem-posting itu, katanya. Sebelumnya, polisi di bawah pimpinan Kasatreskrim Polrestabes Bandung AKBP M Yoris Maulana menangkap DW dan kekasihnya di Bandung. Namun, setelah diamankan dan diperiksa intensif, DW terbukti tidak bersalah. Polisi lalu menelusuri hingga Palembang dan akhirnya menangkap Dodik di kediamannya, Senin (11/9) malam.,,,,,,,
DW mengaku bukan dia pelakunya dan mengaku mengenal pelaku yang sebenarnya. Dia sebut pelakunya berinisial DI, orang Palembang. Kita lakukan penyelidikan lagi dan kita nyatakan bahwa si perempuan yang bernama DW tidak bersalah. Yang bersangkutan hanya kena tag, tuturnya.,,,,,,,,,,,,,
,,,,,,,,,,,,,,,
"Kini pemuda 21 tahun itu mendekam di balik sel tahanan Polrestabes Bandung. """,,,,,,,,,,,,,,,
"Soal E-Mail Novel, Polisi: Tak Mungkin Satu Kasus Tak Ada Tersangka	https://news.detik.com/berita/d-3640149/soal-e-mail-novel-polisi-tak-mungkin-satu-kasus-tak-ada-tersangka	""DETIKNEWS | Selasa 12 September 2017"," 20:00 WIB""	""Jakarta - Polisi terus melakukan penyidikan terkait kasus e-mail Novel Baswedan yang dilaporkan oleh Direktur Penyidikan (Dirdik) KPK Brigjen Aris Budiman. Polisi mengatakan proses penetapan tersangka dalam kasus ini pun harus melalui tahapan-tahapan penyidikan.",,,,,,,,,,,,,,
,,,,,,,,,,,,,,,
Nggak mungkin suatu kasus nggak ada tersangka. Ya, kita tunggu, tapi ada tahap-tahapnya, masih dalam penyidikan dari penyidik, kata Kabid Humas Polda Metro Jaya Kombes Argo Yuwono di Mapolda Metro Jaya, Jl Sudirman, Jakarta, Selasa (12/9/2017). Argo menjelaskan penyidik telah memeriksa 12 saksi dalam kasus e-mail Novel ini. Setelah itu, polisi akan melakukan gelar perkara untuk menentukan proses yang akan dilakukan selanjutnya.,,,,,,,
,,,,,,,,,,,,,,,
Untuk kasus yang laporan Aris, ada 12 saksi yang telah diperiksa. Nanti akan setelah itu akan gelar perkara tengah seperti apa kasusnya, nanti kita tunggu perkembangan penyidik, jelasnya.,,,,,,,,,,,,
Argo pun menepis anggapan bahwa kasus e-mail Novel ini merupakan pengalihan isu dari kasus penyiraman air keras yang terjadi 5 bulan lalu. Polisi memproses kasus bila memang ada laporan yang disampaikan.,,,,,,,,,,,,,,,
,,,,,,,,,,,,,,,
Ya, kita harus memilah-milah. Kita tak bisa berprasangka, ya," terangnya. """,,,,,,,,,,,,
"Kronologi Penangkapan Mahasiswa yang Hina Iriana Jokowi	https://news.detik.com/berita/d-3640132/kronologi-penangkapan-mahasiswa-yang-hina-iriana-jokowi	""DETIKNEWS | Selasa 12 September 2017"," 19:55 WIB""	""Jakarta - Aksi polisi mengejar Dodik Ikhwanto", pemilik akun Instagram @warga_biasa yang mengunggah foto hasil editan Ibu Negara Iriana Joko Widodo dengan kata-kata tak pantas, hanya memakan waktu empat hari. Penyelidikan terhadap identitas pemilik akun tersebut dimulai pada Kamis (7/9) dan penangkapan dilakukan pada Senin (11/9).,,,,,,,,,,,,
,,,,,,,,,,,,,,,
Polri dalam hal ini melakukan penyelidikan dan menemukan seseorang di Bandung, sebelum kemudian melakukan penangkapan di Palembang, kata Kadiv Humas Polri Irjen Setyo Wasisto di gedung Divisi Humas, Mabes Polri, Jalan Trunojoyo, Kebayoran Baru, Jakarta Selatan, Selasa (12/9/2017).,,,,,,,,
Berikut kronologi pengungkapan kasus penghina Iriana:,,,,,,,,,,,,,,,
,,,,,,,,,,,,,,,
#NAME?, 7 September 2017,,,,,,,,,,,,,,
,,,,,,,,,,,,,,,
Polisi dari Polrestabes Bandung melakukan penyelidikan setelah menemukan akun Instagram @warga_biasa yang mem-posting gambar editan Iriana Joko Widodo dengan disandingkan kata-kata tidak senonoh.,,,,,,,,,,,,,,,
,,,,,,,,,,,,,,,
#NAME?, 8 September 2017,,,,,,,,,,,,,,
,,,,,,,,,,,,,,,
Polisi menangkap seorang wanita berinisial DW di Bandung. DW, yang berstatus saksi, mengatakan Dodik Ikhwanto-lah yang mengunggah konten penghinaan itu dan memberi tahu keberadaan DI di Palembang, Sumatera Selatan.,,,,,,,,,,,,
,,,,,,,,,,,,,,,
#NAME?, 9 September 2017,,,,,,,,,,,,,,
,,,,,,,,,,,,,,,
Penyidik dipimpin Kasat Reskrim Polrestabes Bandung AKBP Yoris Marzuki berangkat ke alamat pelaku di Palembang untuk melakukan penangkapan.,,,,,,,,,,,,,,,
,,,,,,,,,,,,,,,
#NAME?, 11 September 2017,,,,,,,,,,,,,,
,,,,,,,,,,,,,,,
"Polisi menangkap Dodik di rumah orang tuanya pada pukul 20.00 WIB dan hari ini membawa pelaku ke Bandung untuk proses hukum selanjutnya. """,,,,,,,,,,,,,,,
"Master Deni Meyakini Rumahnya Sudah Diincar Pencuri	https://news.detik.com/berita/d-3640142/master-deni-meyakini-rumahnya-sudah-diincar-pencuri	""DETIKNEWS | Selasa 12 September 2017"," 19:54 WIB""	""Jakarta - Seorang pencuri tewas setelah berduel dengan pemilik rumah", Deni Rono (55), di Cipinang Melayu, Jakarta Timur. Deni, yang merupakan pelatihnya pelatih silat, menduga pencuri memang sudah mengincar rumahnya.,,,,,,,,,
,,,,,,,,,,,,,,,
Mungkin diincar. Soalnya, rumah itu setiap malam kosong, kata Deni di rumahnya di Jatiwaringin, Bekasi, Jawa Barat, Selasa (12/9/2017).,,,,,,,,,,
,,,,,,,,,,,,,,,
Rumah di Perumahan TNI AU Waringin Permai itu memang sejak setahun terakhir tak dihuni. Namun Deni tetap berkunjung ke rumah tersebut untuk bersih-bersih dan sesekali latihan bela diri.,,,,,,,,,,,,,,,
,,,,,,,,,,,,,,,
Saya di rumah itu cuma saya datangi tiap pagi saja, ngasih makan anjing, ngepel, sapu-sapu. Saya ke sana itu biasanya pukul 08-00-an, jelas Deni.,,,,,,,,,,,
,,,,,,,,,,,,,,,
Selain memang sudah lama rumah kosong, Deni menyebut beberapa kejadian kehilangan terjadi di rumah tersebut. Tiga sepeda motor raib dari rumah itu.,,,,,,,,,,,,,,
,,,,,,,,,,,,,,,
Di rumah saya itu sudah ada tiga motor yang hilang. Sebelum ada anjing itu, ada tiga motor (yang hilang). Motor saya ada dua dan motor tamu ada satu. Mungkin sudah target mereka sudah lama itu, terang dia.,,,,,,,,,,,,,
,,,,,,,,,,,,,,,
Deni Rono, pelatih Merpati Putih, berduel dengan pencuri yang menyambangi rumahnya pada Senin (11/9). Duel tersebut berakhir saat pelaku tewas. Pelaku tewas dengan luka tusuk di bagian rusuk kiri, lutut kiri," dan kepala bagian belakang. """,,,,,,,,,,,
"Dinamika di Daerah Memanas, Gerindra: Komunikasi Ditingkatkan	https://news.detik.com/berita/d-3640130/dinamika-di-daerah-memanas-gerindra-komunikasi-ditingkatkan	""DETIKNEWS | Selasa 12 September 2017"," 19:52 WIB""	""Jakarta - Pernyataan Ketua DPD Gerindra Jabar Mulyadi yang mencabut dukungan terhadap Deddy Mizwar (Demiz)-Ahmad Syaikhu di Pilgub Jawa Barat dipandang karena kurangnya komunikasi. Ketua DPP Partai Gerindra Sodik Mudjahid akan meningkatkan komunikasi internal partainya dari tingkat pusat hingga daerah.",,,,,,,,,,,,,,
,,,,,,,,,,,,,,,
Ada proses komunikasi yang perlu ditingkatkan antara PKS dan Gerindra, antara Demiz dan DPP. Ada proses komunikasi yang perlu ditingkatkan, ujar Sodik di gedung DPR, Senayan, Jakarta, Selasa (12/9/2017). ,,,,,,,,,,
,,,,,,,,,,,,,,,
Sodik mengatakan selama ini komunikasi Deddy Mizwar dengan Ketua Umum Gerindra Prabowo Subianto sudah sering dilakukan. Namun komunikasi antara Deddy Mizwar dan Gerindra Jabar masih jarang dilakukan.,,,,,,,,,,,,,,,
,,,,,,,,,,,,,,,
Jadi dengan Pak Prabowo, Pak Deddy sering komunikasi, dengan saya juga berkali-kali bertemu. Tapi kata Pak Mul, pertemuan formal Demiz ke kantor (DPD Gerindra Jabar) itu yang dipertanyakan, kata Sodik. ,,,,,,,,,,,
,,,,,,,,,,,,,,,
Sodik menduga pernyataan Mulyadi yang menarik dukungan Deddy Mizwar dan Ahmad Syaikhu karena kurangnya komunikasi tersebut. Untuk itu, proses komunikasi perlu ditingkatkan.,,,,,,,,,,,,,,
,,,,,,,,,,,,,,,
Jangan-jangan karena belum formal datang ke kantor DPD lagi, termasuk juga dari teman-teman PKS belum formal ke sana. Mungkin itu yang sedikit ganggu Ketua DPD, ucapnya.,,,,,,,,,,,,,
,,,,,,,,,,,,,,,
Jadi mungkin ada proses komunikasi yang perlu ditingkatkan, baik Demiz dengan pusat, terutama Demiz dengan DPD PKS Jabar, dengan DPD Gerindra Jabar, tutupnya.,,,,,,,,,,,
,,,,,,,,,,,,,,,
Sebelumnya, Ketua DPP Gerindra Ahmad Riza Patria membantah anggapan partainya telah mencabut dukungan terhadap Demiz-Syaikhu di Pilgub Jawa Barat. Ia meyakinkan hingga saat ini Gerindra masih memberi dukungan kepada Demiz-Syaikhu.,,,,,,,,,,,,,,
,,,,,,,,,,,,,,,
Nggak, belum ada pencabutan (dukungan Demiz-Syaikhu), ujar Riza kepada wartawan," Selasa (12/9/2017). """,,,,,,,,,,,,
"DPR Skors Kembali Rapat dengan KPK Pekan Depan	https://news.detik.com/berita/d-3640131/dpr-skors-kembali-rapat-dengan-kpk-pekan-depan	""DETIKNEWS | Selasa 12 September 2017"," 19:50 WIB""	""Jakarta - Komisi III DPR menskors kembali rapat dengar pendapat (RDP) dengan KPK. Komisi III akan kembali menggelar RDP dengan KPK pekan depan.",,,,,,,,,,,,,,
,,,,,,,,,,,,,,,
Jadi ada dua alternatif. Kita lanjutkan minggu depan di sini atau di rapat kerja di gedung KPK yang baru. Intinya adalah membahas atau menuntaskan apa yang tadi kita bicarakan dan memperoleh yang tadi kita bicarakan, ujar Ketua Komisi III DPR Bambang Soesatyo seusai rapat di gedung DPR, Senayan, Jakarta, Selasa (12/9/2017).,,,,,,,,,,,
,,,,,,,,,,,,,,,
Komisi III sedang menyusun jadwal rapat dengan KPK. Tak tertutup kemungkinan Komisi III menyambangi gedung KPK untuk rapat.,,,,,,,,,,,,,,,
,,,,,,,,,,,,,,,
Belum tentu karena Pak Saut masih di luar kota. Masih dicari titik temu kapan tanggalnya. Ada dua alternatif, di DPR atau di KPK, ucap Bamsoet.,,,,,,,,,,,,,
,,,,,,,,,,,,,,,
Dalam RDP hari ini, KPK dicecar dengan berbagai pertanyaan," mulai pengaduan masyarakat hingga penyadapan. """,,,,,,,,,,,,,
"Khofifah: Dukungan yang Ada Sudah Cukup untuk Maju Pilgub Jatim	https://news.detik.com/berita/d-3640128/khofifah-dukungan-yang-ada-sudah-cukup-untuk-maju-pilgub-jatim	""DETIKNEWS | Selasa 12 September 2017"," 19:49 WIB""	""Jakarta - Menteri Sosial Khofifah Indar Parawansa masih malu-malu mengakui dirinya akan maju dalam Pilgub Jawa Timur. Meski begitu", Khofifah mengaku dukungan yang dikantonginya untuk maju dalam pilgub sudah cukup.,,,,,,,,,,,,,
,,,,,,,,,,,,,,,
Tunggu saja saatnya (pengumuman maju Pilgub Jatim), ujar Khofifah di gedung DPR, Senayan, Jakarta, Selasa (12/9/2017). ,,,,,,,,,,,
,,,,,,,,,,,,,,,
Khofifah mengatakan, selama masa konsolidasinya dengan berbagai pihak, ia merasa keputusan untuk maju di Pilgub Jatim sudah cukup. Namun dia mengaku belum mengajukan izin kepada Presiden Joko Widodo soal niat majunya ini.,,,,,,,,,,,,,
Tapi, dari silaturahim yang saya lakukan selama ini, proses yang sudah berjalan, jikalau pada saatnya keputusan untuk maju Pilgub, insyaallah sudah cukup. Untuk izin belum, jelas Khofifah.,,,,,,,,,,
,,,,,,,,,,,,,,,
Dia mengatakan siap menerima dukungan dari partai nasionalis atau religius. Sebab, pada dasarnya, kata Khofifah, semua partai berjalan seiringan. ,,,,,,,,,,,,
,,,,,,,,,,,,,,,
Saya tidak melihat partai yang secara ideologis itu diametral yang satu dengan yang lain. Di lapangan nggak begitu, masing-masing yang nasionalis, nasionalis-religius. Jadi pada dasarnya seiring, ya, ucap Ketum PP Muslimat NU itu.,,,,,,,,,,,
Beberapa waktu lalu Khofifah menunaikan ibadah haji. Ia menepis anggapan bahwa kepergiannya ke Tanah Suci untuk menghilangkan kegalauannya terkait Pilgub Jatim. ,,,,,,,,,,,,,,,
,,,,,,,,,,,,,,,
Lailahaillallah. Lihatlah wajahku, masak aku galau," tutup Khofifah. """,,,,,,,,,,,,,
"Semarang Juga Punya CCTV 'Bersuara', Warga Diminta Tertib Lalin	https://news.detik.com/berita/d-3640134/semarang-juga-punya-cctv-bersuara-warga-diminta-tertib-lalin	""DETIKNEWS | Selasa 12 September 2017"," 19:46 WIB""	""Semarang - Kesadaran warga Kota Semarang untuk tertib berlalu lintas tidak luput dari perhatian Wali Kota Semarang Hendrar Prihadi. Hal ini dibuktikan dengan penambahan 11 ATCS (area traffic control system) yang ditargetkan terpasang pada November mendatang. ",,,,,,,,,,,,,,
,,,,,,,,,,,,,,,
Untuk menjadikan Semarang makin hebat, tidak hanya pembangunan fisiknya saja yang kita kebut. Namun juga kesadaran warganya untuk membiasakan hidup tertib dan taat peraturan, salah satunya tertib dalam berlalu lintas, ujar pria yang akrab siapa Hendi ini, Selasa (12/9/2017).,,,,,,,,,,,
,,,,,,,,,,,,,,,
Penambahan ATCS di 26 titik dari total 56 persimpangan bertujuan mengajarkan disiplin berlalu lintas kepada masyarakat. Sebab, berdasarkan pengamatan, masih banyak pengemudi, terutama sepeda motor, yang melakukan pelanggaran lalu lintas.,,,,,,,,,,,
,,,,,,,,,,,,,,,
Selain tidak mengenakan helm, banyak yang melanggar garis marka di persimpangan. Pengendara dari Jalan Tlogosari Raya paling banyak yang melanggar. ,,,,,,,,,,,,,,
,,,,,,,,,,,,,,,
Pemasangan ATCS juga untuk sarana preventif dan promotif guna mencegah terjadinya kecelakaan lalu lintas. Sebab, ATCS dilengkapi CCTV yang terhubung dengan ruang kontrol petugas Dinas Perhubungan, untuk kemudian melakukan antisipasi tanpa harus datang langsung ke TKP, namun cukup dengan dikendalikan melalui pengeras suara.,,,,,,,,,,,,
,,,,,,,,,,,,,,,
Petugas Dishub akan langsung menegur melalui pengeras suara. Hendi mencontohkan teguran itu berupa arahan kepada pelanggar lalu lintas.,,,,,,,,,,,,,,,
,,,,,,,,,,,,,,,
Pengendara roda dua yang paling ujung melewati zebra cross. Harap mundur atau langsung berbelok ke kiri, karena mengganggu pengguna jalan yang lain. Pengendara harap melengkapi keamanan berkendara, seperti helm dan sebagainya, jelas Hendi.,,,,,,,,,,,,
,,,,,,,,,,,,,,,
Ia menambahkan, penggunaan ATCS merupakan salah satu aplikasi dari konsep Smart City yang tengah dicanangkan Pemerintah Kota Semarang.,,,,,,,,,,,,,,
,,,,,,,,,,,,,,,
Semua sistem dan aplikasi yang ada dibuat untuk solusi dari setiap permasalahan. Misal sistem ATCS yang dilengkapi CCTV, terhubung dengan ruang kontrol. Gunanya untuk melakukan tindakan preventif dan promotif dalam mencegah kecelakaan lalu lintas dengan meningkatkan kesadaran berlalu lintas, tegas Hendi.,,,,,,,,,,,,,
,,,,,,,,,,,,,,,
Hendi berharap sistem ATCS harus bisa dikembangkan ke arah perubahan positif. Misalnya dengan pemberlakuan sanksi tilang untuk pelanggar seperti halnya yang diterapkan di Surabaya.,,,,,,,,,,,,,,,
,,,,,,,,,,,,,,,
Meski demikian, ATCS bisa dimanfaatkan membantu petugas untuk keperluan tilang, melalui bukti rekaman CCTV. Tak hanya itu, juga bisa membantu dalam pengusutan suatu kejadian, seperti tabrakan atau tawuran yang terekam di sistem ATCS. ,,,,,,,,,,,
,,,,,,,,,,,,,,,
Beberapa kali rekaman kami menjadi barang bukti untuk penyelidikan pihak kepolisian. Apakah keterangan dari pelaku sama dengan yang terekam dalam CCTV. Ke depan, sistem ini akan terus kami kembangkan," tandasnya. """,,,,,,,,,,,,,
"Selain terhadap Iriana, Dodik Hina Jokowi di Instagram	https://news.detik.com/berita/d-3640127/selain-terhadap-iriana-dodik-hina-jokowi-di-instagram	""DETIKNEWS | Selasa 12 September 2017"," 19:42 WIB""	""Bandung - Dodik Ikhwanto tidak hanya menghina Ibu Negara Iriana Jokowi. Dodik juga mengunggah hinaan ke Presiden Jokowi di akun Instagram-nya", @warga_biasa.,,,,,,,,,,,,,
,,,,,,,,,,,,,,,
Akun penghina ini akun @warga_biasa. Akun ini dimiliki, dikuasai, dan digunakan tersangka yang sudah kita dapatkan atas nama DI, ujar Kasatreskrim Polrestabes Bandung AKBP M Yoris Maulana di Mapolrestabes Bandung, Jalan Jawa, Kota Bandung, Jabar, Selasa (12/9/2017).,,,,,,,,
,,,,,,,,,,,,,,,
Melalui akun Instagram-nya, Dodik mengunggah foto Iriana yang sudah diedit dengan tambahan kalimat-kalimat tak pantas. Bahkan, selain foto Iriana, Dodik mengunggah foto-foto hinaan terhadap orang lain.,,,,,,,,,,,,
,,,,,,,,,,,,,,,
Ada foto Ibu Jokowi (Iriana), ada juga foto Bapak Jokowi dengan kata yang tidak pantas, kata dia.,,,,,,,,,,,,,
,,,,,,,,,,,,,,,
Yoris mengatakan Dodik sengaja mengunggah foto hinaan itu ke media sosial. Dodik mengaku benci terhadap pemerintahan Jokowi.,,,,,,,,,,,,,,,
,,,,,,,,,,,,,,,
Intinya, dia melakukan perbuatan ini karena memang tidak senang dengan rezim saat ini, dan kedua sengaja untuk membuat ramai dan gaduh. Dan ketika ini sudah mulai ribut, dia nonaktifkan akun ini," katanya.""",,,,,,,,,,,
"KPK Proses Dugaan Pelanggaran Etik Novel Baswedan dan Aris Budiman	http://nasional.kompas.com/read/2017/09/12/23575491/kpk-proses-dugaan-pelanggaran-etik-novel-baswedan-dan-aris-budiman	""12/09/2017"," 23:57 WIB""	""JAKARTA", KOMPAS.com - Ketua Komisi Pemberantasan Korupsi ( KPK) Agus Rahardjo membantah menganakemaskan penyidik senior Novel Baswedan.,,,,,,,,,,,,,
,,,,,,,,,,,,,,,
Hal itu disampaikan Agus saat menjawab pertanyaan Komisi III terkait konflik antara penyidik senior Novel Baswedan dan Direktur Penyidikan KPK Brigjen (Pol) Aris Budiman.,,,,,,,,,,,,,,,
,,,,,,,,,,,,,,,
Ia mengatakan, melalui pengawas internal, KPK juga memproses dugaan pelanggaran etik yang dilakukan Novel terkait email-nya kepada Aris.,,,,,,,,,,,,,
,,,,,,,,,,,,,,,
Setelah Novel mengirim email kepada Aris, KPK telah memberi surat peringatan. Akan tetapi, Wadah Pegawai menganggapnya kurang adil.,,,,,,,,,,,,,
,,,,,,,,,,,,,,,
Kemudian dilakukan, bukan dibatalkan. Tapi surat peringatan itu di-pending. Di-pending penerapannya lalu dilakukan penyelidikan menyeluruh dari awal. Ini sebab musababnya email itu keluar apa, kata Agus, di Kompleks Parlemen, Senayan, Jakarta, Selasa (12/9/2017).,,,,,,,,,
,,,,,,,,,,,,,,,
Namun, saat proses penyelidikan Pengawas Internal berlangsung, Novel terkena musibah penyiraman air keras oleh orang tak dikenal, sehingga penyelidikan belum bisa dilanjutkan.,,,,,,,,,,,,
,,,,,,,,,,,,,,,
Pimpinan KPK sepakat untuk meberi waktu hingga dua minggu ke depan untuk menyelesaikan pemeriksaan keduanya.,,,,,,,,,,,,,,,
,,,,,,,,,,,,,,,
Kami di pimpinan sudah memutuskan sebetulnya. Penyelidikan secara menyeluruh pada dua belah pihak. Kami memberikan tenggat waktu kepada pengawas internal selama dua minggu ke depan. Supaya semuanya bisa diketahui atau didudukkan dengan lebih baik, papar Agus.,,,,,,,,,,,,,,
,,,,,,,,,,,,,,,
Direktur Penyidikan KPK Brigjen Aris Budiman melaporkan Novel Baswedan ke polisi. Dia menuding Novel telah mencemarkan nama baiknya melalui surat elektronik.,,,,,,,,,,,,,,,
,,,,,,,,,,,,,,,
Iya, yang bersangkutan membuat laporan pada 13 Agustus 2017 lalu, ujar Kabid Humas Polda Metro Jaya Kombes Argo Yuwono kepada Kompas.com, Kamis (31/8/2017).,,,,,,,,,,,,
,,,,,,,,,,,,,,,
Argo mengatakan, penyidik telah menindaklanjuti laporan dari Arif tersebut.,,,,,,,,,,,,,,
,,,,,,,,,,,,,,,
Polisi menaikkan status kasus tersebut ke tahap penyidikan pada 21 Agustus 2017 lalu.,,,,,,,,,,,,,,,
,,,,,,,,,,,,,,,
Sebelumnya, Aris telah disidang oleh Dewan Pertimbangan Pegawai setelah sehari sebelumnya menghadap Pansus.,,,,,,,,,,,,,,
,,,,,,,,,,,,,,,
Ketua KPK Agus Raharjo menganggap ada pelanggaran yang dilakukan Aris atas kedatangannya itu.,,,,,,,,,,,,,,,
,,,,,,,,,,,,,,,
Sebab," Pimpinan KPK telah meminta Aris untuk tidak hadir dalam rapat Pansus. """,,,,,,,,,,,,,,
"Indonesia Resmi Miliki Kapal Layar Baru Generasi Penerus KRI Dewa Ruci	http://nasional.kompas.com/read/2017/09/12/23451321/indonesia-resmi-miliki-kapal-layar-baru-generasi-penerus-kri-dewa-ruci	""12/09/2017"," 23:45 WIB""	""JAKARTA", KOMPAS.com - Kepala Staf TNI Angkatan Laut (Kasal) Laksamana Ade Supandi meresmikan kapal layar latih baru milik TNI AL, KRI Bima Suci, di dermaga Vigo, Spanyol, Selasa (12/9/2017) seperti dikutip dari keterangan pers Dinas Penerangan Angkatan Laut.,,,,,,,,,
,,,,,,,,,,,,,,,
KRI Bima Suci merupakan kapal layar latih pengganti kapal legendaris KRI Dewa Ruci yang sudah beroperasi sejak 1953. Melalui peresmian tersebut KRI Bima Suci masuk ke dalam jajaran TNI AL sebagai Kapal Layar Latih Akademi Angkatan Laut (AAL).,,,,,,,,,,,,,,,
,,,,,,,,,,,,,,,
Usai acara peresmian, Kasal Ade menandatangani berita acara serah terima dan pemberian nama serta penandatanganan prasasti KRI Bima Suci oleh Ketua Umum Jalasenastri, Endah Ade Supandi.,,,,,,,,,,,,,
,,,,,,,,,,,,,,,
Pada upacara itu pula, Letkol Laut (P) Widyatmoko Baruno Aji dikukuhkan sebagai komandan pertama KRI Bima Suci, sekaligus menjadi Komandan Satgas Penyeberangan dan KJK 2017 yang akan membawa kapal generasi penerus KRI Dewa Ruci ini tiba di tanah air.,,,,,,,,,,,,,
,,,,,,,,,,,,,,,
KRI Bima Suci merupakan kapal layar buatan perusahaan kapal ternama Spanyol yang berlokasi di kota Vigo, Freire Shipyard. Rancangan teknis kapal layar tiang tinggi ini, memiliki ukuran panjang totalnya 111,20 meter, lebar 13,65 meter, kedalaman draft 5,95 meter, dan tinggi maksimal tiang layar 49 meter dari permukaan dek atas.,,,,,,,
,,,,,,,,,,,,,,,
Kapal kelas Bark (Barque) tiga tiang itu memiliki 26 layar dengan luas keseluruhan layar 3.352 meter persegi. Ketinggian dek utamanya 9,20 meter dari permukaan laut.,,,,,,,,,,,,,,
,,,,,,,,,,,,,,,
Keistimewaan KRI Bima Suci terletak pada instrumen navigasi pelayarannya yang lebih canggih, instrumen pemurnian air laut menjadi air tawar, hingga alat komunikasi dan data digitalnya.,,,,,,,,,,,,,
,,,,,,,,,,,,,,,
Direncanakan pada 18 September 2017 mendatang, KRI Bima Suci akan melaksanakan tugas pertamanya berlayar dari Spanyol menuju Indonesia. Selain itu, KRI Bima Suci juga akan melaksanakan pelayaran Kartika Jala Krida (KJK) 2017 bersama dengan 119 Taruna/Kadet Akademi Angkatan Laut tingkat III Angkatan 64. KJK merupakan pelayaran muhibah ke luar negeri sekaligus latihan dan praktik bagi Taruna AAL dengan menggunakan kapal latih Taruna.,,,,,,,,,,,,,
,,,,,,,,,,,,,,,
Menurut rencana, KRI Bima Suci akan tiba di Surabaya pada 24 November 2017.,,,,,,,,,,,,,,
,,,,,,,,,,,,,,,
Turut hadir mendampingi Kasal, para pejabat TNI AL antara lain, Asisten Operasi Kasal Laksamana Muda TNI INGN Aryatmaja, Asisten Logistik Kasal Laksamana Muda TNI Mulyadi, Panglima Armada RI Kawasan Timur Laksamana Muda TNI Darwanto, Gubernur Akademi Angkatan Laut Laksamana Muda TNI Wuspo Lukito," serta pejabat terkait lainnya.""",,,,,,,,,
"Cegah Kasus seperti Debora, Pemerintah Dorong Program Ini untuk Semua RS	http://nasional.kompas.com/read/2017/09/12/23435571/cegah-kasus-seperti-debora-pemerintah-dorong-program-ini-untuk-semua-rs	""12/09/2017"," 23:43 WIB""	""JAKARTA", KOMPAS.com - Menteri Sosial RI, Khofifah Indar Parawansa terus mendorong kepesertaan Penerima Bantuan Iuran Jaminan Kesehatan (PBIJK) untuk semua rumah sakit swasta dan RSUD.,,,,,,,,,,,,
,,,,,,,,,,,,,,,
Hal itu disampaikannya merespons meninggalnya bayi Tiara Debora.,,,,,,,,,,,,,,,
,,,,,,,,,,,,,,,
Debora diduga tak mendapatkan perawatan medis yang seharusnya dari Rumah Sakit Mitra Keluarga Kalideres Jakarta Barat karena keterbatasan dana yang dimiliki orangtuanya.,,,,,,,,,,,,,,,
,,,,,,,,,,,,,,,
Bagaimana mendorong maksimalisasi kepesertaan PBIJK bagi rumah sakit-rumah sakit. Apakah rumah sakit swasta atau RSUD. Karena ada juga RSUD yang belum menjadi mitra BPJS Kesehatan, kata Khofifah, di Kompleks Parlemen DPR RI, Jakarta, Selasa (12/9/2017).,,,,,,,,,,,
,,,,,,,,,,,,,,,
Khofifah menjelaskan, pemerintah punya kewajiban untuk melindungi seluruh masyarakat Indonesia.,,,,,,,,,,,,,,
,,,,,,,,,,,,,,,
Oleh karena itu, kepesertaan PBIJK bagi semua rumah sakit swasta dan daerah tersebut terus didorong.,,,,,,,,,,,,,,
,,,,,,,,,,,,,,,
Menurut Khofifah, Presiden Joko Widodo sejak awal sudah mendorong bahkan memerintahkan seluruh RS untuk menerima pasien PBIJK.,,,,,,,,,,,,,,
,,,,,,,,,,,,,,,
Meskipun, ia mengakui, belum semua rumah sakit, bahkan di Ibu Kota, belum mengikuti program imbauan pemerintah itu.,,,,,,,,,,,
,,,,,,,,,,,,,,,
Makanya perlu juga percepatan supaya kita bisa memastikan bahwa 92,4 juta yang sudah menerima Kartu Indonesia Sehat (KIS) itu bisa menjamin kesehatan mereka, RS Swasta juga seperti itu, kata dia.,,,,,,,,,,,,
,,,,,,,,,,,,,,,
Kasus meninggalnya bayi Tiara Debora saat ini tengah diselidiki pemerintah. Dinas Kesehatan DKI Jakarta sudah meminta keterangan pihak RS dan keluarga Debora.,,,,,,,,,,,,,,,
,,,,,,,,,,,,,,,
Polda Metro Jaya juga tengah menyelidiki kasus itu.,,,,,,,,,,,,,,,
,,,,,,,,,,,,,,,
Penyidik masih mengumpulkan bukti dan keterangan saksi sebelum memutuskan apakah kasus kematian Debora memenuhi unsur pidana.,,,,,,,,,,,,,,,
,,,,,,,,,,,,,,,
RS Mitra Keluarga Kalideres sebelumnya sudah menyampaikan permohonan maaf kepada orangtua bayi Tiara Debora.,,,,,,,,,,,,,,,
,,,,,,,,,,,,,,,
Pihak RS meminta maaf atas pelayanan yang dinilai tidak nyaman oleh keluarga Debora.  ,,,,,,,,,,,,,,,
,,,,,,,,,,,,,,,
"
Menurut Khofifah"," Kasus Bayi Debora Bukti Tak Semua Rumah Sakit Taati UU""	http://nasional.kompas.com/read/2017/09/12/23381701/menurut-khofifah-kasus-bayi-debora-bukti-tak-semua-rumah-sakit-taati-uu	""12/09/2017"," 23:38 WIB""	""JAKARTA", KOMPAS.com - Menteri Sosial RI Khofifah Indar Parawansa mengatakan Undang-Undang 44 tahun 2009 tentang Rumah Sakit belum sepenuhnya dipatuhi rumah sakit yang ada di Indonesia.,,,,,,,,,,,,
,,,,,,,,,,,,,,,
Ia mengatakan, kasus meninggalnya bayi Tiara Debora menjadi salah satu contohnya.,,,,,,,,,,,,,,
,,,,,,,,,,,,,,,
Bayi Debora diduga tak mendapatkan perawatan medis yang seharusnya dari Rumah Sakit Mitra Keluarga Kalideres Jakarta Barat karena keterbatasan dana yang dimiliki orangtuanya.,,,,,,,,,,,,,,,
,,,,,,,,,,,,,,,
Ini sebetulnya perlu kita kawal ya implementasi UU tersebut. Apa yang menjadi mandat dari UU itu rupanya law enforcement-nya butuh pengawalan kita bersama, kata Khofifah di Kompleks Parlemen DPR RI, Jakarta, Selasa (12/9/2017).,,,,,,,,,,,,
,,,,,,,,,,,,,,,
Khofifah mengatakan, jika benar RS tidak menjalankan amanat UU, maka RS tersebut bisa mendapatkan sanksi karena dianggap melakukan pelanggaran.,,,,,,,,,,,,,
,,,,,,,,,,,,,,,
Jadi law enforcement dari UU perlu dikawal, perlu ditegakkan. Diberikan punishment kepada RS yang belum mengikuti UU. Karena buktinya masih RS yang masih mensyaratkan sekian duit di depan dan seterusnya, kata dia.,,,,,,,,,,,,,
,,,,,,,,,,,,,,,
Sanksi itu kata Khofifah, mulai dari peringatan lisan, tertulis, hingga straight punishment sampai pada proses pembekuan izin.,,,,,,,,,,,,
,,,,,,,,,,,,,,,
Tetapi bahwa harus ada peringatan dulu. Proses SOP ini tetap harus dilakukan, yang memberikan izin itu lah yang akan memberikan peringatan, kata dia.,,,,,,,,,,,,,
,,,,,,,,,,,,,,,
Khusus di DKI Jakarta, Khofifah berharap, Tim Pengawasan Layanan Kesehatan, baik dari Dinas Kesehatan atau Kementerian Kesehatan perlu kembali menyisir ketaatan RS dalam menerapkan UU tersebut dalam standar pelayannya.,,,,,,,,,,,,
,,,,,,,,,,,,,,,
Tentu kita semua menghormati seluruh partisipasi masyarakat yang sudah memberikan layanan kesehatan tetapi, regulasi ini harus ditegakkan, kata dia.,,,,,,,,,,,,,
,,,,,,,,,,,,,,,
Kasus ini tengah diselidiki pemerintah. Dinas Kesehatan DKI Jakarta sudah meminta keterangan pihak RS dan keluarga Debora.,,,,,,,,,,,,,,,
,,,,,,,,,,,,,,,
Polda Metro Jaya tengah menyelidiki kasus itu. Penyidik masih mengumpulkan bukti dan keterangan saksi sebelum memutuskan apakah kasus kematian Debora memenuhi unsur pidana.,,,,,,,,,,,,,,,
,,,,,,,,,,,,,,,
RS Mitra Keluarga Kalideres sebelumnya sudah menyampaikan permohonan maaf kepada orangtua bayi Tiara Debora.,,,,,,,,,,,,,,,
,,,,,,,,,,,,,,,
"Pihak RS meminta maaf atas pelayanan yang dinilai tidak nyaman oleh keluarga Debora.  """,,,,,,,,,,,,,,,
"Mantan Anggota DPRD Madiun Meninggal di Lokasi Tambang Galian C	http://regional.kompas.com/read/2017/09/12/23323661/mantan-anggota-dprd-madiun-meninggal-di-lokasi-tambang-galian-c	""12/09/2017"," 23:32 WIB""	""MADIUN", KOMPAS.com - Eko Juli Utomo alias Pego (52), mantan anggota DPRD Kabupaten Madiun ditemukan meninggal di dalam mobilnya yang diparkir di lokasi tambang galian C, Dusun Gaplok, Desa Tulung Kecamatan Saradan, Kabupaten Madiun, Selasa ( 12/9/2017) sore.,,,,,,,,
,,,,,,,,,,,,,,,
Jasad korban pertama kali ditemukan tewas oleh Sutoyo, warga Dusun Sumberagung, Desa Tulung, Kecamatan Saradan, Kabupaten Madiun di dalam mobilnya yang parkir di lokasi tambang, ujar Kepala Satuan Reserse dan Kriminal Polres Madiun, AKP Hanif Fatih Wicaksono, Selasa ( 12/9/2017) malam.,,,,,,,,
,,,,,,,,,,,,,,,
Menurut Hanif, sebelum ditemukan meninggal, korban sempat mondar-mandiri di lokasi tambang. Keberadaan korban di lokasi tambang untuk mengawasi dump truck yang memuat tanah urug untuk dibawa ke proyek double track jalur kereta api.,,,,,,,,,,,,,
,,,,,,,,,,,,,,,
Hanif mengatakan, kasus itu berawal saat pria yang bermukim di Jalan Prambanan 73, Kelurahan Pandean, Kecamatan Mejayan, Kabupaten Madiun, datang ke lokasi tambang menumpang mobil, Selasa (12/9/2017) pagi. Kedatangan korban ke lokasi, kata Hanif, mengawasi orang kerja yang memuat tanah urug menggunakan dump truck. Selama berada di lokasi tambang, korban mondar-mandir keluar masuk mobil sambil mengawasi pekerjaan.,,,,,,
,,,,,,,,,,,,,,,
Sore harinya Sutoyo dan Suroso membangunkan korban, namun tidak bangun hingga akhirnya mengetahui korban sudah meninggal dunia, jelas Hanif.,,,,,,,,,,,,,
,,,,,,,,,,,,,,,
Hasil pemeriksaan dokter, lanjut Hanif, diduga korban meninggal karena serangan jantung. Kondisi itu terlihat dari darah yang keluar dari hidung dan mukanya yang lebam.,,,,,,,,,,,,,
,,,,,,,,,,,,,,,
"Pembuluh darahnya yang pecah mengakibatkan darah keluar dari hidung dan mukanya nampak lebam"""" jelas Hanif. Setelah divisum"," jenazah korban diserahkan kepada keluarga untuk dimakamkan.""",,,,,,,,,,,,,,
"4 Helikopter Diterjunkan untuk Padamkan Kebakaran Lahan di Muara Enim	http://regional.kompas.com/read/2017/09/12/23260951/4-helikopter-diterjunkan-untuk-padamkan-kebakaran-lahan-di-muara-enim	""12/09/2017"," 23:26 WIB""	""MUARA ENIM", KOMPAS.com - Empat helikopter water bombing diterjunkan untuk memadamkan kebakaran lahan di Desa Kayuara Batu, Kecamatan Muara Belida, Muara Enim, Sumatera Selatan, Selasa (12/9/2917).,,,,,,,,,
,,,,,,,,,,,,,,,
Besar dan luasnya lokasi lahan yang terbakar yang mencapai 200 hektar itu membuat proses pemadaman darat sulit dilakukan, sehingga mau tak mau memerlukan bantuan pemadaman dari udara.,,,,,,,,,,,,,,
,,,,,,,,,,,,,,,
Empat helikopter berbagai jenis terlihat terbang bolak-balik dari sumber air menuju ke lokasi yang terbakar, menumpahkan ribuan liter air agar api yang membakar lahan sejak tiga hari lalu segera padam.,,,,,,,,,,,,,,
,,,,,,,,,,,,,,,
Beberapa helikopter di antaranya harus terbang menembus asap tebal sisa kebakaran untuk mencapai lokasi titik api agar dapat melakukan penyiraman.,,,,,,,,,,,,,,,
,,,,,,,,,,,,,,,
Lahan yang terbakar di wilayah tersebut terpantau cukup besar dan luas.,,,,,,,,,,,,,,,
,,,,,,,,,,,,,,,
Sekretaris Camat Kecamatan Muara, Belida Saidi mengatakan, setidaknya 200 hektar lahan sudah terbakar selama tiga hari ini. Api tidak hanya menghanguskan lahan semak belukar dan lahan gambut, tetapi juga kebun karet milik warga. Saidi menambahkan, untuk mempercepat proses pemadaman, pihaknya sudah melapor ke BPBD Muara Enim yang langsung menghubungi BPBD Sumsel, sehingga hari ini ada 4 helikopter water bombing yang dikerahkan untuk melakuan penyiraman dari udara.,,,,,,,,,
,,,,,,,,,,,,,,,
“Ya, hari ini ada 4 helikopter yang melakukan pemadaman dari udara, alhamdulilah sekarang api sudah sedikit mengecil,” katanya,,,,,,,,,,,,
,,,,,,,,,,,,,,,
Sementara itu, hingga pukul 17.00 WIB," penyiraman melalui udara terus dilakukan agar api cepat padam. """,,,,,,,,,,,,,
"Tersangka Korupsi Dana Bergulir, Direktur LPDB Ditahan	http://regional.kompas.com/read/2017/09/12/23112911/tersangka-korupsi-dana-bergulir-direktur-lpdb-ditahan	""12/09/2017"," 23:11 WIB""	",,,,,,,,,,,,,,
"Kepercayaan terhadap DPR Rendah, Para Wakil Rakyat Diminta Berkaca	http://nasional.kompas.com/read/2017/09/12/22453771/kepercayaan-terhadap-dpr-rendah-para-wakil-rakyat-diminta-berkaca	""12/09/2017"," 22:45 WIB""	",,,,,,,,,,,,,,
"Badai Irma Menghantam, Penjara Jebol, Lebih dari 100 Napi Kabur	http://internasional.kompas.com/read/2017/09/12/22414241/badai-irma-menghantam-penjara-jebol-lebih-dari-100-napi-kabur	""12/09/2017"," 22:41 WIB""	",,,,,,,,,,,,,,
"Ketua Gerindra Jabar: Awal Pernyataan Dukungan untuk Deddy Mizwar Bukan dari Prabowo	http://regional.kompas.com/read/2017/09/12/22353761/ketua-gerindra-jabar-awal-pernyataan-dukungan-untuk-deddy-mizwar-bukan-dari	""12/09/2017"," 22:35 WIB""	",,,,,,,,,,,,,,
"""Putih Salju"" Asal Jepang Akhirnya Pensiun	http://olahraga.kompas.com/read/2017/09/12/22315711/putih-salju-asal-jepang-akhirnya-pensiun	""12/09/2017"," 22:31 WIB""	",,,,,,,,,,,,,,
"KPK Sebut Penundaan Praperadilan Setya Novanto Bagian dari Strategi	http://nasional.kompas.com/read/2017/09/12/22242211/kpk-sebut-penundaan-praperadilan-setya-novanto-bagian-dari-strategi	""12/09/2017"," 22:24 WIB""	",,,,,,,,,,,,,,
"Saat Xanana Gusmao Mencium Tangan Seorang Wartawati di Kantor Wiranto	http://nasional.kompas.com/read/2017/09/12/22202771/saat-xanana-gusmao-mencium-tangan-seorang-wartawati-di-kantor-wiranto	""12/09/2017"," 22:20 WIB""	",,,,,,,,,,,,,,
"Lahan Tersedia, Pemkot Bekasi Segera Bangun ""Underpass"" Bulak Kapal	http://megapolitan.kompas.com/read/2017/09/12/22185011/lahan-tersedia-pemkot-bekasi-segera-bangun-underpass-bulak-kapal	""12/09/2017"," 22:18 WIB""	",,,,,,,,,,,,,,
"Hakim hingga Sekda Kota Bengkulu Diperiksa KPK	http://nasional.kompas.com/read/2017/09/12/22142141/hakim-hingga-sekda-kota-bengkulu-diperiksa-kpk	""12/09/2017"," 22:14 WIB""	",,,,,,,,,,,,,,
"Jadi Alat Pelarian Pria ""Hidung Belang"", 3 Tangga Kayu Disita Satpol PP	http://regional.kompas.com/read/2017/09/12/22135561/jadi-alat-pelarian-pria-hidung-belang-3-tangga-kayu-disita-satpol-pp	""12/09/2017"," 22:13 WIB""	",,,,,,,,,,,,,,
"Jika Belum Ada Putusan MK, KPK Tak Akan Hadiri Undangan Pansus Angket	http://nasional.kompas.com/read/2017/09/12/22054301/jika-belum-ada-putusan-mk-kpk-tak-akan-hadiri-undangan-pansus-angket	""12/09/2017"," 22:05 WIB""	",,,,,,,,,,,,,,
"Lecehkan Bendera Merah Putih, Seorang Pekerja Asing Dideportasi	http://regional.kompas.com/read/2017/09/12/22000581/lecehkan-bendera-merah-putih-seorang-pekerja-asing-dideportasi	""12/09/2017"," 22:00 WIB""	",,,,,,,,,,,,,,
"Halimah Yacob, dari Penjual Nasi Padang ke Istana Presiden Singapura	http://internasional.kompas.com/read/2017/09/12/21573321/halimah-yacob-dari-penjual-nasi-padang-ke-istana-presiden-singapura	""12/09/2017"," 21:57 WIB""	",,,,,,,,,,,,,,
"Pemkot Bekasi Janji Lunasi Ganti Rugi Pembebasan Lahan Warga untuk ""Underpass"" Bulak Kapal	http://megapolitan.kompas.com/read/2017/09/12/21462401/pemkot-bekasi-janji-lunasi-ganti-rugi-pembebasan-lahan-warga-untuk	""12/09/2017"," 21:46 WIB""	",,,,,,,,,,,,,,
"Wisata Religi Kota Khatulistiwa	http://news.metrotvnews.com/peristiwa/aNrwnA6b-wisata-religi-kota-khatulistiwa	""Rabu"," 13 Sep 2017 13:58""	",,,,,,,,,,,,,,
"Pengamat: RUU Penyadapan jangan Sampai Melanggar HAM	http://news.metrotvnews.com/politik/JKRyqg7k-pengamat-ruu-penyadapan-jangan-sampai-melanggar-ham	""Rabu"," 13 Sep 2017 13:57""	",,,,,,,,,,,,,,
"Baru Masuk Kerja, Agus Hermanto tak Tahu soal Surat DPR ke KPK	http://news.metrotvnews.com/politik/yKX8dZ0K-baru-masuk-kerja-agus-hermanto-tak-tahu-soal-surat-dpr-ke-kpk	""Rabu"," 13 Sep 2017 13:49""	",,,,,,,,,,,,,,
"Mantan Ketua PWI Sulsel Tersangka Komersialisasi Gedung	http://news.metrotvnews.com/daerah/0kpJlARN-mantan-ketua-pwi-sulsel-tersangka-komersialisasi-gedung	""Rabu"," 13 Sep 2017 13:46""	",,,,,,,,,,,,,,
"Fadli tak Percaya Elektabilitas Jokowi Meningkat	http://news.metrotvnews.com/politik/xkErB15K-fadli-tak-percaya-elektabilitas-jokowi-meningkat	""Rabu"," 13 Sep 2017 13:43""	",,,,,,,,,,,,,,
"Samsat <i>Online</i> di Serpong Sepi Peminat	http://news.metrotvnews.com/daerah/eN4JyDyk-samsat-online-di-serpong-sepi-peminat	""Rabu"," 13 Sep 2017 13:40""	",,,,,,,,,,,,,,
"Pemilik Bangunan Liar hanya Bisa Pasrah	http://news.metrotvnews.com/metro/8KyGqmEb-pemilik-bangunan-liar-hanya-bisa-pasrah	""Rabu"," 13 Sep 2017 13:39""	",,,,,,,,,,,,,,
"Abaikan Praperadilan, KPK Tetap Panggil Ulang Novanto	http://news.metrotvnews.com/hukum/8N0e7R5b-abaikan-praperadilan-kpk-tetap-panggil-ulang-novanto	""Rabu"," 13 Sep 2017 13:37""	",,,,,,,,,,,,,,
"Salah Satu Pembunuh Pasutri Ditembak Mati	http://news.metrotvnews.com/hukum/GKdgLemk-salah-satu-pembunuh-pasutri-ditembak-mati	""Rabu"," 13 Sep 2017 13:34""	",,,,,,,,,,,,,,
"Ulah Fadli Zon Diprotes Sekjen Gerindra	http://news.metrotvnews.com/hukum/zNPdVqxN-ulah-fadli-zon-diprotes-sekjen-gerindra	""Rabu"," 13 Sep 2017 13:27""	""Sekjen Partai Gerindra Ahmad Muzani memprotes langkah Wakil Ketua DPR Fadli Zon meneken surat permintaan penundaan penyidikan kasus yang melibatkan Ketua DPR Setya Novanto ke KPK. Muzani akan mengecek langsung ke Fadli yang juga kader Gerindra.",,,,,,,,,,,,,,
Saya mau menanyakan kepada pak Fadli kenapa 'elo tulis surat kayak begituan'. Saya mau tanya, kata Muzani di Kompleks Parlemen, Senayan, Jakarta, Rabu 13 September 2017. Menurut Muzani, pimpinan dewan telah melampaui kewenangannya. Pasalnya, pimpinan dewan itu sekadar corong atau perpanjangan mulut anggota dewan lainnya dan surat itu harus dibahas di Bamus terlebih dahulu.,,,,,,,,,
Proses hukum ini ditangani oleh lembaga independen namanya KPK. Jadi menurut saya hormati keputusan hukum KPK untuk melakukan proses ini, ujar dia.,,,,,,,,,,,,,,
Ketua Fraksi Gerindra ini juga menegaskan surat tersebut bisa berdampak negatif kepada DPR. Yaitu ada kesan intervensi proses hukum dari dewan. ,,,,,,,,,,,,,,,
Jadi pimpinan DPR harus menghormati proses ini bahwa surat itu ditandatangani oleh Fadli Zon sama saja. Mau Fadli Zon mau siapa saja, menurut saya itu melampui kewenangan pimpinan DPR. Tentu saya harus konfirmasi ke pak Fadli bagaimana sebenarnya," kata dia.""",,,,,,,,,,,,,
"Penembak Dua Polisi Bima Pakai Senjata Rakitan	http://news.metrotvnews.com/daerah/Dkq6vxZK-penembak-dua-polisi-bima-pakai-senjata-rakitan	""Rabu"," 13 Sep 2017 13:24""	",,,,,,,,,,,,,,
"Pembunuh Pasutri Asal Tanah Abang Dikenal Suka Bergaul	http://news.metrotvnews.com/peristiwa/1bV6MaQb-pembunuh-pasutri-asal-tanah-abang-dikenal-suka-bergaul	""Rabu"," 13 Sep 2017 13:21""	",,,,,,,,,,,,,,
"Anggota KIP 2017-2021 Harus Punya Semangat Perbaiki Informasi Publik	http://news.metrotvnews.com/politik/akW87aaK-anggota-kip-2017-2021-harus-punya-semangat-perbaiki-informasi-publik	""Rabu"," 13 Sep 2017 13:15""	",,,,,,,,,,,,,,
"Pemda Riau Diminta Memerhatikan SLB Sekar Meranti	http://news.metrotvnews.com/daerah/4bazRwJk-pemda-riau-diminta-memerhatikan-slb-sekar-meranti	""Rabu"," 13 Sep 2017 13:15""	",,,,,,,,,,,,,,
"Surat Permintaan Penundaan Penyidikan hanya Meneruskan Aspirasi Novanto	http://news.metrotvnews.com/politik/nbw1Vw3K-surat-permintaan-penundaan-penyidikan-hanya-meneruskan-aspirasi-novanto	""Rabu"," 13 Sep 2017 13:05""	",,,,,,,,,,,,,,
"Proses Tindak Lanjut Kasus di KPK Dinilai Sudah Cukup Transparan	http://news.metrotvnews.com/hukum/ybDRQaRK-proses-tindak-lanjut-kasus-di-kpk-dinilai-sudah-cukup-transparan	""Rabu"," 13 Sep 2017 13:05""	",,,,,,,,,,,,,,
"Rapat Paripurna DPR Membahas Tiga Agenda Penting	http://news.metrotvnews.com/politik/9K5jJwnN-rapat-paripurna-dpr-membahas-tiga-agenda-penting	""Rabu"," 13 Sep 2017 12:56""	",,,,,,,,,,,,,,
"Bima Kembali Kondusif	http://news.metrotvnews.com/daerah/4KZEGA0k-bima-kembali-kondusif	""Rabu"," 13 Sep 2017 12:54""	",,,,,,,,,,,,,,
"KPK Serahkan Berkas Kasus Bupati Nganjuk ke Kejagung	http://news.metrotvnews.com/hukum/GNGLYGdb-kpk-serahkan-berkas-kasus-bupati-nganjuk-ke-kejagung	""Rabu"," 13 Sep 2017 12:49""	",,,,,,,,,,,,,,
"Pemilik Bangunan Liar Rusunami Bidara Cina Membongkar Sendiri	http://news.metrotvnews.com/metro/8N0e7X5b-pemilik-bangunan-liar-rusunami-bidara-cina-membongkar-sendiri	""Rabu"," 13 Sep 2017 12:48""	",,,,,,,,,,,,,,
"Kondisi Dua Polisi Bima Paskapenembakan Berangsur Membaik	http://news.metrotvnews.com/daerah/Wb7Y5drK-kondisi-dua-polisi-bima-paskapenembakan-berangsur-membaik	""Rabu"," 13 Sep 2017 12:44""	",,,,,,,,,,,,,,
"Novel Belum Bisa Kembali ke Indonesia	http://news.metrotvnews.com/hukum/zNPdVRxN-novel-belum-bisa-kembali-ke-indonesia	""Rabu"," 13 Sep 2017 12:41""	",,,,,,,,,,,,,,
"Sopir Pembunuh Mantan Majikan Sudah Bekerja 15 Tahun	http://news.metrotvnews.com/hukum/dN6gZyPb-sopir-pembunuh-mantan-majikan-sudah-bekerja-15-tahun	""Rabu"," 13 Sep 2017 12:37""	",,,,,,,,,,,,,,
"Hanya 15% Warga Jakarta Gunakan Transportasi Umum	http://news.metrotvnews.com/metro/akW87maK-hanya-15-warga-jakarta-gunakan-transportasi-umum	""Rabu"," 13 Sep 2017 12:25""	",,,,,,,,,,,,,,
"Pembunuh Pasutri di Tanah Abang Ditangkap Saat Berkaraoke	http://news.metrotvnews.com/hukum/0KvG8ZYN-pembunuh-pasutri-di-tanah-abang-ditangkap-saat-berkaraoke	""Rabu"," 13 Sep 2017 12:21""	",,,,,,,,,,,,,,
"Dalam Waktu 7 Jam, Ribuan Petir Tampak di Langit Muara Teweh	http://news.metrotvnews.com/daerah/GNl6B1Pk-dalam-waktu-7-jam-ribuan-petir-tampak-di-langit-muara-teweh	""Rabu"," 13 Sep 2017 12:20""	",,,,,,,,,,,,,,
"Husni Zarkasih Dikenal Religius	http://news.metrotvnews.com/peristiwa/Gbm6O0Lk-husni-zarkasih-dikenal-religius	""Rabu"," 13 Sep 2017 12:14""	",,,,,,,,,,,,,,
"Djarot Minta Gedung di Sudirman Memiliki Jalan Samping	http://news.metrotvnews.com/metro/JKRyq27k-djarot-minta-gedung-di-sudirman-memiliki-jalan-samping	""Rabu"," 13 Sep 2017 12:01""	",,,,,,,,,,,,,,
"Bantuan Indonesia Diperkirakan Tiba di Bangladesh Besok	http://news.metrotvnews.com/politik/9K5jJynN-bantuan-indonesia-diperkirakan-tiba-di-bangladesh-besok	""Rabu"," 13 Sep 2017 11:54""	",,,,,,,,,,,,,,
"SBY Sambut Kedatangan KPK ke Demokrat	http://news.metrotvnews.com/hukum/ObzWj51k-sby-sambut-kedatangan-kpk-ke-demokrat	""Rabu"," 13 Sep 2017 11:53""	",,,,,,,,,,,,,,
"Pertumbuhan Kendaraan di Jakarta Memprihatinkan	http://news.metrotvnews.com/metro/ybDRQjZK-pertumbuhan-kendaraan-di-jakarta-memprihatinkan	""Rabu"," 13 Sep 2017 11:50""	",,,,,,,,,,,,,,
"KPK Tetap Harus Dievaluasi dan Diawasi secara Berkala	http://news.metrotvnews.com/hukum/JKRyq5wk-kpk-tetap-harus-dievaluasi-dan-diawasi-secara-berkala	""Rabu"," 13 Sep 2017 11:43""	",,,,,,,,,,,,,,
"KPK Tegaskan Terus Lakukan OTT	http://news.metrotvnews.com/hukum/9K5jJexN-kpk-tegaskan-terus-lakukan-ott	""Rabu"," 13 Sep 2017 11:36""	",,,,,,,,,,,,,,
"KPK Mengulik Perizinan dan Pengadaan Proyek di Kemenhub	http://news.metrotvnews.com/hukum/RkjP3r6N-kpk-mengulik-perizinan-dan-pengadaan-proyek-di-kemenhub	""Rabu"," 13 Sep 2017 11:32""	",,,,,,,,,,,,,,
"Jemaah Berisiko Tinggi Bisa Tunda Ibadah Arbain	http://news.metrotvnews.com/peristiwa/GNGLYzrb-jemaah-berisiko-tinggi-bisa-tunda-ibadah-arbain	""Rabu"," 13 Sep 2017 11:16""	",,,,,,,,,,,,,,
"Pembunuh Pasutri Asal Tanah Abang Diringkus di Jawa Tengah	http://news.metrotvnews.com/peristiwa/8KyGqZ2b-pembunuh-pasutri-asal-tanah-abang-diringkus-di-jawa-tengah	""Rabu"," 13 Sep 2017 11:15""	",,,,,,,,,,,,,,
"Gubernur Aceh Diimbau Pertimbangkan Tingginya Harga Daging Sapi pada Hari Meugang	http://news.metrotvnews.com/daerah/nbw1VomK-gubernur-aceh-diimbau-pertimbangkan-tingginya-harga-daging-sapi-pada-hari-meugang	""Rabu"," 13 Sep 2017 11:08""	",,,,,,,,,,,,,,
"Teratas di Survei CSIS, Sekjen PDIP Minta Kader tak Puas Diri	http://news.metrotvnews.com/politik/Rb1OdDzK-teratas-di-survei-csis-sekjen-pdip-minta-kader-tak-puas-diri	""Rabu"," 13 Sep 2017 10:58""	",,,,,,,,,,,,,,
"Mata Kanan Novel Baswedan Membaik	http://news.metrotvnews.com/hukum/0k8jAB0N-mata-kanan-novel-baswedan-membaik	""Rabu"," 13 Sep 2017 10:56""	",,,,,,,,,,,,,,
"Saat Mantan Tahanan Dukung Keberadaan KPK	http://news.metrotvnews.com/hukum/4bazRO2k-saat-mantan-tahanan-dukung-keberadaan-kpk	""Rabu"," 13 Sep 2017 10:53""	",,,,,,,,,,,,,,
"Pimpinan KPK Gelar Pertemuan dengan Demokrat & NasDem	http://news.metrotvnews.com/hukum/akW8723K-pimpinan-kpk-gelar-pertemuan-dengan-demokrat-nasdem	""Rabu"," 13 Sep 2017 10:50""	",,,,,,,,,,,,,,
"DKI Wajibkan Rumah Sakit Gabung BPJS Kesehatan	http://news.metrotvnews.com/metro/3NO08oyb-dki-wajibkan-rumah-sakit-gabung-bpjs-kesehatan	""Rabu"," 13 Sep 2017 10:40""	",,,,,,,,,,,,,,
"Dinkes DKI Temukan Penyimpangan Administratif oleh RS Mitra Keluarga Kalideres	http://news.metrotvnews.com/metro/ZkePDZ5b-dinkes-dki-temukan-penyimpangan-administratif-oleh-rs-mitra-keluarga-kalideres	""Rabu"," 13 Sep 2017 10:28""	",,,,,,,,,,,,,,
"Wasekjen Hanura: Problem di KPK Harus Diselesaikan	http://news.metrotvnews.com/politik/yNLeW1Wb-wasekjen-hanura-problem-di-kpk-harus-diselesaikan	""Rabu"," 13 Sep 2017 10:16""	",,,,,,,,,,,,,,
"Pengiriman Bantuan Pengungsi Rohingya Dilakukan Bertahap	http://news.metrotvnews.com/politik/VNxQ1dxb-pengiriman-bantuan-pengungsi-rohingya-dilakukan-bertahap	""Rabu"," 13 Sep 2017 10:09""	",,,,,,,,,,,,,,
"Pembangunan Bendungan di Papua Demi Mendukung Ketahanan Pangan	http://news.metrotvnews.com/news/zNAjmQzb-pembangunan-bendungan-di-papua-demi-mendukung-ketahanan-pangan	""Rabu"," 13 Sep 2017 10:07""	",,,,,,,,,,,,,,
"Polda Metro dan Pemprov DKI Rancang Ekstrakurikuler Polisi	http://news.metrotvnews.com/metro/4KZEGMpk-polda-metro-dan-pemprov-dki-rancang-ekstrakurikuler-polisi	""Rabu"," 13 Sep 2017 10:02""	",,,,,,,,,,,,,,
"Hasil Survei tak Boleh Buat Pemerintah Puas Diri	http://news.metrotvnews.com/politik/8N0e7Odb-hasil-survei-tak-boleh-buat-pemerintah-puas-diri	""Rabu"," 13 Sep 2017 09:52""	",,,,,,,,,,,,,,
"Presiden Lepas 4 Hercules Pengirim Bantuan Pengungsi Rohingya	http://news.metrotvnews.com/politik/dN6gZxab-presiden-lepas-4-hercules-pengirim-bantuan-pengungsi-rohingya	""Rabu"," 13 Sep 2017 09:42""	",,,,,,,,,,,,,,
"Kejari Numfor Tinjau Penyaluran Dana Desa	http://news.metrotvnews.com/daerah/PNg4zaLb-kejari-numfor-tinjau-penyaluran-dana-desa	""Rabu"," 13 Sep 2017 09:34""	",,,,,,,,,,,,,,
"Romahurmuziy: Muktamar Pondok Gede Bentuk Reinkarnasi PPP	http://news.metrotvnews.com/politik/8ko0oPRK-romahurmuziy-muktamar-pondok-gede-bentuk-reinkarnasi-ppp	""Rabu"," 13 Sep 2017 09:24""	",,,,,,,,,,,,,,
"Pembunuh Pasutri Asal Tanah Abang Diduga Orang Dekat	http://news.metrotvnews.com/peristiwa/ob3BGZJN-pembunuh-pasutri-asal-tanah-abang-diduga-orang-dekat	""Rabu"," 13 Sep 2017 09:12""	",,,,,,,,,,,,,,
"CSIS: Elektabilitas Golkar Melorot	http://news.metrotvnews.com/politik/nbw1V0BK-csis-elektabilitas-golkar-melorot	""Rabu"," 13 Sep 2017 08:32""	",,,,,,,,,,,,,,
"Melawan <i>Hoax</i> dengan Meningkatkan Kerukunan	http://news.metrotvnews.com/politik/ybJevmWN-melawan-hoax-dengan-meningkatkan-kerukunan	""Rabu"," 13 Sep 2017 07:46""	",,,,,,,,,,,,,,
"Tiga Proyek Infrastruktur di Kota Bekasi Mangkrak	http://news.metrotvnews.com/metro/PNg4zyXb-tiga-proyek-infrastruktur-di-kota-bekasi-mangkrak	""Rabu"," 13 Sep 2017 07:17""	",,,,,,,,,,,,,,
"Macet di Jalur Bogor-Sukabumi Semakin Parah	http://news.metrotvnews.com/metro/akW87PdK-macet-di-jalur-bogor-sukabumi-semakin-parah	""Rabu"," 13 Sep 2017 07:09""	",,,,,,,,,,,,,,
"6.296 Guru Siap Mengajar 10 Tahun di Daerah Tertinggal	http://news.metrotvnews.com/peristiwa/0KvG8LpN-6-296-guru-siap-mengajar-10-tahun-di-daerah-tertinggal	""Rabu"," 13 Sep 2017 06:58""	",,,,,,,,,,,,,,
"Depok Tangerang Bekasi Belum Siap e-Tilang	http://news.metrotvnews.com/metro/gNQl1jVK-depok-tangerang-bekasi-belum-siap-e-tilang	""Rabu"," 13 Sep 2017 06:51""	",,,,,,,,,,,,,,
"Menguji Kekebalan Hidup di Gang Jati Bundar Dalam	http://news.metrotvnews.com/metro/yNLeWO2b-menguji-kekebalan-hidup-di-gang-jati-bundar-dalam	""Rabu"," 13 Sep 2017 06:42""	",,,,,,,,,,,,,,
"Tantangan Jaksa Lebih Kompleks	http://news.metrotvnews.com/hukum/5b2j0Jdb-tantangan-jaksa-lebih-kompleks	""Rabu"," 13 Sep 2017 06:35""	",,,,,,,,,,,,,,
"Pertanyaan Soal OTT Paling Mencuat	http://news.metrotvnews.com/politik/JKRyqPOk-pertanyaan-soal-ott-paling-mencuat	""Rabu"," 13 Sep 2017 06:23""	",,,,,,,,,,,,,,
"Agama, Pilkada DKI, dan Pilpres AS	http://news.metrotvnews.com/politik/eN4Jyq3k-agama-pilkada-dki-dan-pilpres-as	""Rabu"," 13 Sep 2017 06:10""	",,,,,,,,,,,,,,
"Dua PKPU Pemilu Siap Digunakan	http://news.metrotvnews.com/politik/MkMjaPjK-dua-pkpu-pemilu-siap-digunakan	""Rabu"," 13 Sep 2017 06:00""	",,,,,,,,,,,,,,
"Pagi Ini, Presiden Lepas Bantuan untuk Pengungsi Rohingya	http://news.metrotvnews.com/politik/1bV6MdLb-pagi-ini-presiden-lepas-bantuan-untuk-pengungsi-rohingya	""Rabu"," 13 Sep 2017 06:00""	",,,,,,,,,,,,,,
"NasDem Nilai Wajar Elektabilitas Jokowi Melejit	http://news.metrotvnews.com/politik/GKdgL2Wk-nasdem-nilai-wajar-elektabilitas-jokowi-melejit	""Rabu"," 13 Sep 2017 06:00""	",,,,,,,,,,,,,,
"Ibu Kota Diprediksi Cerah Berawan	http://news.metrotvnews.com/metro/Dkq6vAWK-ibu-kota-diprediksi-cerah-berawan	""Rabu"," 13 Sep 2017 05:00""	",,,,,,,,,,,,,,
"Pemprov DKI Diminta Bangun RPTRA di RW Terpadat	http://news.metrotvnews.com/metro/0k8jAaoN-pemprov-dki-diminta-bangun-rptra-di-rw-terpadat	""Rabu"," 13 Sep 2017 03:00""	",,,,,,,,,,,,,,
"Gerindra Belum Memutuskan Dukungan pada Pilkada Jabar	http://news.metrotvnews.com/daerah/8ko0ovDK-gerindra-belum-memutuskan-dukungan-pada-pilkada-jabar	""Rabu"," 13 Sep 2017 00:38""	",,,,,,,,,,,,,,
